Unnamed: 0,Country,Year,AFW agriculture,AFW domestic,AFW industry,Water stress,Water Use Efficiency,mean
41,Algeria,2000,60.6908979743,30.4596868916,8.8494151341,79.2611637694,15.15,38.88223275388
42,Algeria,2001,60.1287737874,31.407926742,8.4632994706,81.7105201445,14.91077,39.3242580289
43,Algeria,2002,60.015,31.96875,8.01625,85.0373724582,15.00938,40.00935049164
44,Algeria,2003,59.9097700942,32.4874580431,7.6027718627,87.5228008238,15.49152,40.60286416476
45,Algeria,2004,59.8121564899,32.9686231766,7.2192203335,90.0082291893,15.692205,41.14008683786
46,Algeria,2005,59.7213611898,33.4161789555,6.8624598547,92.4936575549,16.449379999999998,41.78860751097999
47,Algeria,2006,59.6366939146,33.8335279616,6.5297781238,94.9790859204,16.451905,42.28619818408
48,Algeria,2007,59.5575545212,34.2236284713,6.2188170075,97.464514286,16.671475,42.8271978572
49,Algeria,2008,59.4834187549,34.5890646841,5.927516561,99.9499426515,16.711425,43.3322735303
50,Algeria,2009,59.4138266223,34.9321040384,5.6540693393,102.4353710171,15.97351,43.68177620342
51,Algeria,2010,59.3483728374,35.254744303,5.3968828595,104.9207993826,16.225275,44.2292148765
52,Algeria,2011,59.286698924,35.5587525095,5.1545485665,107.4062277481,16.26907,44.73505954962
53,Algeria,2012,59.2284866469,35.8456973294,4.9258160237,109.7509497678,16.101395,45.17046895355999
54,Algeria,2013,61.6040176533,34.7740070005,3.6219753462,115.1634538718,15.606545,46.15399977436
55,Algeria,2014,63.8039057634,33.7815557103,2.4145385264,120.5759579757,15.58351,47.23189359516
56,Algeria,2015,65.8469366123,32.8598685605,1.2931948272,125.9884620796,15.299035,48.25749941592
57,Algeria,2016,64.141110443,33.9747444378,1.8841451193,129.8719572253,15.00789,48.97596944508
58,Algeria,2017,63.7640986427,34.4102466068,1.8256547505,137.9203602082,14.47,50.47807204164
59,Algeria,2018,63.7640986427,34.4102466068,1.8256547505,137.9203602082,14.671125,50.51829704164
60,Algeria,2019,63.7640986427,34.4102466068,1.8256547505,137.9203602082,14.655915,50.51525504164
61,Algeria,2020,63.7640986427,34.4102466068,1.8256547505,137.9203602082,13.81,50.34607204164
62,Angola,2000,32.7868852459,38.4074941452,28.8056206089,1.6986737401,58.26304,31.99234274802
63,Angola,2001,30.1946263541,39.8892221066,29.9161515393,1.7333156499,56.77247,31.701157129980004
64,Angola,2002,27.7039392757,41.3128919024,30.9831688218,1.7679575597,66.80213499999999,33.71401851192
65,Angola,2003,25.3089689266,42.6818502825,32.009180791,1.8025994695,67.701125,33.90074489392
66,Angola,2004,23.0043017582,43.9991916159,32.9965066259,1.8372413793,74.22794999999999,35.21303827586
67,Angola,2005,20.7849249079,45.2677812411,33.9472938509,1.8718832891,84.818295,37.338035657800006
68,Angola,2006,20.7849249079,45.2677812411,33.9472938509,1.8718832891,93.83781,39.1419386578
69,Angola,2007,20.7849249079,45.2677812411,33.9472938509,1.8718832891,108.36048,42.0464726578
70,Angola,2008,20.7849249079,45.2677812411,33.9472938509,1.8718832891,118.08104,43.9905846578
71,Angola,2009,20.7849249079,45.2677812411,33.9472938509,1.8718832891,117.157555,43.8058876578
72,Angola,2010,20.7849249079,45.2677812411,33.9472938509,1.8718832891,124.44495,45.263366657800006
73,Angola,2011,20.7849249079,45.2677812411,33.9472938509,1.8718832891,129.915815,46.3575396578
74,Angola,2012,20.7849249079,45.2677812411,33.9472938509,1.8718832891,143.12308000000002,48.9989926578
75,Angola,2013,20.7849249079,45.2677812411,33.9472938509,1.8718832891,149.631865,50.3007496578
76,Angola,2014,20.7849249079,45.2677812411,33.9472938509,1.8718832891,151.749795,50.724335657800005
77,Angola,2015,20.7849249079,45.2677812411,33.9472938509,1.8718832891,149.19944,50.2142646578
78,Angola,2016,20.7849249079,45.2677812411,33.9472938509,1.8718832891,143.800285,49.1344336578
79,Angola,2017,20.7849249079,45.2677812411,33.9472938509,1.8718832891,142.47918,48.8702126578
80,Angola,2018,20.7849249079,45.2677812411,33.9472938509,1.8718832891,143.08065,48.9905066578
81,Angola,2019,20.7849249079,45.2677812411,33.9472938509,1.8718832891,138.7991,48.1341966578
82,Angola,2020,20.7849249079,45.2677812411,33.9472938509,1.8718832891,129.0,46.1743766578
302,Benin,2000,48.3160361567,29.8895212588,21.7944425845,1.0003616976,22.237905,24.64765333952
303,Benin,2001,45.3846153846,31.5384615385,23.0769230769,0.975243811,24.605325,25.1161137622
304,Benin,2002,42.5334706488,35.8393408857,21.6271884655,0.975243811,23.371745,24.8693977622
305,Benin,2003,40.019379845,39.6317829457,20.3488372093,0.975243811,23.21313,24.8376747622
306,Benin,2004,37.7859103385,43.0009149131,19.2131747484,0.975243811,22.279735,24.6509957622
307,Benin,2005,35.7885615251,46.013864818,18.1975736568,0.975243811,21.65582,24.52621276218
308,Benin,2006,33.9917695473,48.7242798354,17.2839506173,0.975243811,21.216430000000003,24.4383347622
309,Benin,2007,32.3667711599,51.1755485893,16.4576802508,0.975243811,21.134115,24.4218717622
310,Benin,2008,30.890052356,53.4031413613,15.7068062827,0.975243811,21.370545,24.4691577622
311,Benin,2009,29.5422031474,55.4363376252,15.0214592275,0.975243811,21.030865,24.40122176222
312,Benin,2010,28.3070596299,57.2995202193,14.3934201508,0.975243811,20.809,24.3568487622
313,Benin,2011,27.1710526316,59.0131578947,13.8157894737,0.975243811,21.50738,24.4965247622
314,Benin,2012,26.1227071474,60.5945604048,13.2827324478,0.975243811,22.528635,24.7007757622
315,Benin,2013,25.1522533496,62.0584652862,12.7892813642,0.975243811,24.21459,25.0379667622
316,Benin,2014,24.2513211979,63.417498532,12.3311802701,0.975243811,25.91545,25.378138762200003
317,Benin,2015,23.4126984127,64.6825396825,11.9047619048,0.975243811,29.74543,26.1441347622
318,Benin,2016,24.6861924686,62.7615062762,12.5523012552,0.975243811,31.572545,26.5095577622
319,Benin,2017,25.2136752137,61.9658119658,12.8205128205,0.975243811,33.870455,26.9691397622
320,Benin,2018,25.2136752137,61.9658119658,12.8205128205,0.975243811,36.09935,27.4149187622
321,Benin,2019,25.2136752137,61.9658119658,12.8205128205,0.975243811,39.120075,28.0190637622
322,Benin,2020,25.2136752137,61.9658119658,12.8205128205,0.975243811,39.55,28.1050487622
336,Botswana,2000,41.2371134021,40.7216494845,18.0412371134,2.0286520966,35.029755,27.41168141932
337,Botswana,2001,40.5474344229,41.1994954179,18.2530701592,2.0316941241,35.079505,27.42223982482
338,Botswana,2002,39.8718372443,41.667584738,18.4605780177,2.0347361516,37.43926,27.89479923032
339,Botswana,2003,39.2098949435,42.1262132393,18.6638918172,2.0377781792,37.799405,27.96743663584
340,Botswana,2004,38.5611976824,42.5756648793,18.8631374384,2.0408202067,37.532215,27.91460704136
341,Botswana,2005,37.9253518617,43.0162123642,19.0584357741,2.0438622342,39.462275000000005,28.30122744684001
342,Botswana,2006,37.8852126135,43.4737816531,18.6410057334,2.0469042617,43.329585,29.075297852340004
343,Botswana,2007,37.8446152922,43.9365727671,18.2188119407,2.0499462892,46.5349,29.71696925784
344,Botswana,2008,37.8035520116,44.4046756071,17.7917723813,2.0529883167,49.18095,30.24678766334
345,Botswana,2009,37.7620147032,44.8781821496,17.3598031472,2.0560303442,44.83079,29.37736406884
346,Botswana,2010,37.7199951112,45.357186507,16.9228183818,2.0590723717,50.030555,30.41792547434
347,Botswana,2011,37.677484787,45.8417849899,16.4807302231,2.0621143992,53.912815,31.19498587984
348,Botswana,2012,38.2398353062,43.0777148739,18.6824498199,2.0328348845,56.91389,31.789344976900004
349,Botswana,2013,36.7085295657,45.7352171638,17.5562532705,1.9988497333,64.982045,33.39617894666
350,Botswana,2014,35.1250665247,48.4832357637,16.3916977115,1.9648645822,69.3721,34.26739291642
351,Botswana,2015,36.315228967,47.124600639,16.560170394,1.9648645822,67.6979,33.93255291644
352,Botswana,2016,40.2384500745,47.8390461997,11.9225037258,2.1049879745,66.579485,33.7368945949
353,Botswana,2017,35.7512953368,52.1243523316,12.1243523316,2.0181951271,71.367605,34.67716002542
354,Botswana,2018,39.0196078431,47.6470588235,13.3333333333,2.1332217923,70.478385,34.52232135844
355,Botswana,2019,36.9275706718,49.1113421457,13.9610871825,2.1123078532,73.26164,35.07478957063999
356,Botswana,2020,36.9597999525,49.5407108729,13.4994891747,2.3050047056,61.35,32.73100094114
399,Burkina Faso,2000,58.0144221646,39.6941615535,2.2914162819,6.1950286807,5.07039,22.25308373614
400,Burkina Faso,2001,57.1479026299,40.5129319713,2.3391653988,6.5200764818,4.967829999999999,22.297581296360004
401,Burkina Faso,2002,55.6025481748,41.973513785,2.4239380402,6.845124283,5.05861,22.3807468566
402,Burkina Faso,2003,54.1385700314,43.3571833016,2.504246667,7.1701720841,5.331165,22.50026741682
403,Burkina Faso,2004,52.7497053439,44.6698598189,2.5804348371,7.4952198853,5.55866,22.61077597704
404,Burkina Faso,2005,51.4303178484,45.9168704156,2.6528117359,7.8202676864,5.5121400000000005,22.666481537260005
405,Burkina Faso,2006,51.4303178484,45.9168704156,2.6528117359,7.8202676864,6.12213,22.78847953726
406,Burkina Faso,2007,51.4303178484,45.9168704156,2.6528117359,7.8202676864,6.661935,22.89644053726
407,Burkina Faso,2008,51.4303178484,45.9168704156,2.6528117359,7.8202676864,6.546844999999999,22.873422537260005
408,Burkina Faso,2009,51.4303178484,45.9168704156,2.6528117359,7.8202676864,7.068605,22.977774537260004
409,Burkina Faso,2010,51.4303178484,45.9168704156,2.6528117359,7.8202676864,7.59036,23.082125537260005
410,Burkina Faso,2011,51.4303178484,45.9168704156,2.6528117359,7.8202676864,8.182234999999999,23.20050053726
411,Burkina Faso,2012,51.4303178484,45.9168704156,2.6528117359,7.8202676864,8.490870000000001,23.262227537260003
412,Burkina Faso,2013,51.4303178484,45.9168704156,2.6528117359,7.8202676864,8.779219999999999,23.31989753726
413,Burkina Faso,2014,51.4303178484,45.9168704156,2.6528117359,7.8202676864,9.407765,23.44560653726
414,Burkina Faso,2015,51.4303178484,45.9168704156,2.6528117359,7.8202676864,9.89166,23.542385537260003
415,Burkina Faso,2016,51.4303178484,45.9168704156,2.6528117359,7.8202676864,10.54871,23.67379553726
416,Burkina Faso,2017,51.4303178484,45.9168704156,2.6528117359,7.8202676864,11.269305,23.81791453726
417,Burkina Faso,2018,51.4303178484,45.9168704156,2.6528117359,7.8202676864,11.75358,23.914769537260003
418,Burkina Faso,2019,51.4303178484,45.9168704156,2.6528117359,7.8202676864,12.89774,24.143601537260004
419,Burkina Faso,2020,51.4303178484,45.9168704156,2.6528117359,7.8202676864,13.36,24.23605353726
420,Burundi,2000,77.0833333333,17.0138888889,5.9027777778,10.480349345,3.188325,22.733734869000003
421,Burundi,2001,77.5085538719,16.6957614692,5.7956846589,10.422852984,3.36222,22.7570145968
422,Burundi,2002,77.9384917849,16.3741047606,5.6874034546,10.365356623,3.471165,22.76730432462
423,Burundi,2003,78.3732260114,16.0488597049,5.5779142837,10.307860262,3.778585,22.817289052400003
424,Burundi,2004,78.8128372621,15.7199659188,5.4671968191,10.250363901,3.028385,22.6557497802
425,Burundi,2005,79.2574080685,15.3873616566,5.3552302749,10.19286754,3.710705,22.780714508
426,Burundi,2006,79.2574080685,15.3873616566,5.3552302749,10.19286754,3.888585,22.816290508
427,Burundi,2007,79.2574080685,15.3873616566,5.3552302749,10.19286754,4.4996100000000006,22.938495507999995
428,Burundi,2008,79.2574080685,15.3873616566,5.3552302749,10.19286754,4.44076,22.926725508
429,Burundi,2009,79.2574080685,15.3873616566,5.3552302749,10.19286754,4.658035,22.970180507999995
430,Burundi,2010,79.2574080685,15.3873616566,5.3552302749,10.19286754,4.788460000000001,22.996265508
431,Burundi,2011,79.2574080685,15.3873616566,5.3552302749,10.19286754,5.02919,23.044411508
432,Burundi,2012,79.2574080685,15.3873616566,5.3552302749,10.19286754,5.36964,23.112501508
433,Burundi,2013,79.2574080685,15.3873616566,5.3552302749,10.19286754,5.296935,23.097960508
434,Burundi,2014,79.2574080685,15.3873616566,5.3552302749,10.19286754,5.866095,23.211792507999995
435,Burundi,2015,79.2574080685,15.3873616566,5.3552302749,10.19286754,5.945815,23.227736508
436,Burundi,2016,79.2574080685,15.3873616566,5.3552302749,10.19286754,5.95852,23.230277507999997
437,Burundi,2017,79.2574080685,15.3873616566,5.3552302749,10.19286754,6.13603,23.265779508
438,Burundi,2018,79.2574080685,15.3873616566,5.3552302749,10.19286754,6.5286550000000005,23.344304508
439,Burundi,2019,79.2574080685,15.3873616566,5.3552302749,10.19286754,6.760175,23.390608508
440,Burundi,2020,79.2574080685,15.3873616566,5.3552302749,10.19286754,7.18,23.474573508
441,Cabo Verde,2001,91.3978494624,6.8817204301,1.7204301075,7.1833333333,33.05735,28.048136666660003
442,Cabo Verde,2002,91.8367346939,6.5306122449,1.6326530612,7.6,31.810775,27.882155
443,Cabo Verde,2003,92.2330097087,6.213592233,1.5533980583,8.0166666667,33.017309999999995,28.20679533334
444,Cabo Verde,2004,92.5925925926,5.9259259259,1.4814814815,8.4333333333,33.08764,28.30419466666
445,Cabo Verde,2005,92.5925925926,5.9259259259,1.4814814815,8.4333333333,34.887895,28.66424566666
446,Cabo Verde,2006,92.5925925926,5.9259259259,1.4814814815,8.4333333333,37.105925,29.10785166666
447,Cabo Verde,2007,92.5925925926,5.9259259259,1.4814814815,8.4333333333,40.32856,29.75237866666
448,Cabo Verde,2008,92.5925925926,5.9259259259,1.4814814815,8.4333333333,43.34183,30.35503266666
449,Cabo Verde,2009,92.5925925926,5.9259259259,1.4814814815,8.4333333333,43.310755,30.34881766666
450,Cabo Verde,2010,92.5925925926,5.9259259259,1.4814814815,8.4333333333,43.85916,30.45849866666
451,Cabo Verde,2011,92.5925925926,5.9259259259,1.4814814815,8.4333333333,45.052095,30.69708566666
452,Cabo Verde,2012,92.5925925926,5.9259259259,1.4814814815,8.4333333333,46.012485,30.88916366666
453,Cabo Verde,2013,92.5925925926,5.9259259259,1.4814814815,8.4333333333,46.47527,30.98172066666
454,Cabo Verde,2014,92.5925925926,5.9259259259,1.4814814815,8.4333333333,47.120315000000005,31.11072966666
455,Cabo Verde,2015,92.5925925926,5.9259259259,1.4814814815,8.4333333333,46.84687,31.05604066666
456,Cabo Verde,2016,92.5925925926,5.9259259259,1.4814814815,8.4333333333,49.195085,31.52568366666
457,Cabo Verde,2017,92.5925925926,5.9259259259,1.4814814815,8.4333333333,51.28684,31.94403466666
458,Cabo Verde,2018,92.5925925926,5.9259259259,1.4814814815,8.4333333333,54.04322,32.49531066666
459,Cabo Verde,2019,92.5925925926,5.9259259259,1.4814814815,8.4333333333,57.651885,33.21704366666
460,Cabo Verde,2020,92.5925925926,5.9259259259,1.4814814815,8.4333333333,49.72,31.63066666666
476,Cameroon,2000,76.2624172185,16.670115894,7.0674668874,1.3855197133,12.98791,22.874685942640003
477,Cameroon,2001,74.3843358902,17.9895034316,7.6261606782,1.4205017921,13.2397,22.93204035842
478,Cameroon,2002,72.5965327029,19.2454688731,8.157998424,1.455483871,13.50955,22.9930067742
479,Cameroon,2003,70.8926510196,20.4424778761,8.6648711043,1.4904659498,13.969725,23.09203818996
480,Cameroon,2004,69.2669172932,21.5845864662,9.1484962406,1.5254480287,14.87037,23.27916360574
481,Cameroon,2005,67.7140757075,22.6754869533,9.6104373392,1.5604301075,14.69155,23.2503960215
482,Cameroon,2006,67.7140757075,22.6754869533,9.6104373392,1.5604301075,15.2809,23.3682660215
483,Cameroon,2007,67.7140757075,22.6754869533,9.6104373392,1.5604301075,15.85793,23.4836720215
484,Cameroon,2008,67.7140757075,22.6754869533,9.6104373392,1.5604301075,16.858975,23.6838810215
485,Cameroon,2009,67.7140757075,22.6754869533,9.6104373392,1.5604301075,17.049979999999998,23.7220820215
486,Cameroon,2010,67.7140757075,22.6754869533,9.6104373392,1.5604301075,17.567315,23.8255490215
487,Cameroon,2011,67.7140757075,22.6754869533,9.6104373392,1.5604301075,18.509455000000003,24.0139770215
488,Cameroon,2012,67.7140757075,22.6754869533,9.6104373392,1.5604301075,19.31113,24.1743120215
489,Cameroon,2013,67.7140757075,22.6754869533,9.6104373392,1.5604301075,20.357565,24.3835990215
490,Cameroon,2014,67.7140757075,22.6754869533,9.6104373392,1.5604301075,21.25044,24.5621740215
491,Cameroon,2015,67.7140757075,22.6754869533,9.6104373392,1.5604301075,21.96769,24.7056240215
492,Cameroon,2016,67.7140757075,22.6754869533,9.6104373392,1.5604301075,23.040185,24.9201230215
493,Cameroon,2017,67.7140757075,22.6754869533,9.6104373392,1.5604301075,23.85774,25.0836340215
494,Cameroon,2018,67.7140757075,22.6754869533,9.6104373392,1.5604301075,24.81861,25.2758080215
495,Cameroon,2019,67.7140757075,22.6754869533,9.6104373392,1.5604301075,25.76836,25.4657580215
496,Cameroon,2020,67.7140757075,22.6754869533,9.6104373392,1.5604301075,25.05,25.3220860215
512,Central African Republic,2000,0.6042296073,82.7794561934,16.6163141994,0.3064814815,17.401605,23.54161729632
513,Central African Republic,2001,0.5929439668,82.8046249629,16.6024310703,0.3123148148,16.63056,23.38857496296
514,Central African Republic,2002,0.5820721769,82.82887078,16.5890570431,0.3181481481,16.009205,23.26547062962
515,Central African Republic,2003,0.5715918834,82.8522434981,16.5761646185,0.3239814815,13.37231,22.7392582963
516,Central African Republic,2004,0.5614823133,82.8747894441,16.5637282426,0.3298148148,13.76133,22.81822896296
517,Central African Republic,2005,0.5517241379,82.8965517241,16.5517241379,0.3356481481,14.239815,22.9150926296
518,Central African Republic,2006,0.5517241379,82.8965517241,16.5517241379,0.3356481481,15.180605,23.1032506296
519,Central African Republic,2007,0.5517241379,82.8965517241,16.5517241379,0.3356481481,15.88235,23.2435996296
520,Central African Republic,2008,0.5517241379,82.8965517241,16.5517241379,0.3356481481,16.529665,23.3730626296
521,Central African Republic,2009,0.5517241379,82.8965517241,16.5517241379,0.3356481481,17.21243,23.5096156296
522,Central African Republic,2010,0.5517241379,82.8965517241,16.5517241379,0.3356481481,18.157925,23.6987146296
523,Central African Republic,2011,0.5517241379,82.8965517241,16.5517241379,0.3356481481,19.532535000000003,23.9736366296
524,Central African Republic,2012,0.5517241379,82.8965517241,16.5517241379,0.3356481481,20.549835,24.1770966296
525,Central African Republic,2013,0.5517241379,82.8965517241,16.5517241379,0.3356481481,14.56016,22.9791616296
526,Central African Republic,2014,0.5517241379,82.8965517241,16.5517241379,0.3356481481,13.939715,22.8550726296
527,Central African Republic,2015,0.5517241379,82.8965517241,16.5517241379,0.3356481481,15.278245,23.1227786296
528,Central African Republic,2016,0.5517241379,82.8965517241,16.5517241379,0.3356481481,15.768845,23.2208986296
529,Central African Republic,2017,0.5517241379,82.8965517241,16.5517241379,0.3356481481,16.298895,23.3269086296
530,Central African Republic,2018,0.5517241379,82.8965517241,16.5517241379,0.3356481481,16.882175,23.4435646296
531,Central African Republic,2019,0.5517241379,82.8965517241,16.5517241379,0.3356481481,17.471339999999998,23.5613976296
532,Central African Republic,2020,0.5517241379,82.8965517241,16.5517241379,0.3356481481,17.59,23.5851296296
533,Chad,2000,77.2875034218,11.3562482891,11.3562482891,3.8052083333,3.100695,21.38118066666
534,Chad,2001,77.6822429907,11.1588785047,11.1588785047,4.0055338542,3.303845,21.46187577086
535,Chad,2002,78.0393795858,10.9803102071,10.9803102071,4.205859375,3.570085,21.55518887500001
536,Chad,2003,77.4923914046,11.2538042977,11.2538042977,4.235546875,3.980715,21.643252375
537,Chad,2004,76.9530176756,11.5234911622,11.5234911622,4.265234375,4.83736,21.820518875
538,Chad,2005,76.4211005002,11.7894497499,11.7894497499,4.294921875,5.39942,21.938868375
539,Chad,2006,76.4211005002,11.7894497499,11.7894497499,4.294921875,5.253615,21.909707375
540,Chad,2007,76.4211005002,11.7894497499,11.7894497499,4.294921875,6.32859,22.124702375
541,Chad,2008,76.4211005002,11.7894497499,11.7894497499,4.294921875,6.3911,22.137204375
542,Chad,2009,76.4211005002,11.7894497499,11.7894497499,4.294921875,6.603035,22.179591375
543,Chad,2010,76.4211005002,11.7894497499,11.7894497499,4.294921875,6.07146,22.073276375
544,Chad,2011,76.4211005002,11.7894497499,11.7894497499,4.294921875,8.191615,22.497307375
545,Chad,2012,76.4211005002,11.7894497499,11.7894497499,4.294921875,9.15596,22.690176375
546,Chad,2013,76.4211005002,11.7894497499,11.7894497499,4.294921875,8.36463,22.531910375
547,Chad,2014,76.4211005002,11.7894497499,11.7894497499,4.294921875,9.168355,22.692655375
548,Chad,2015,76.4211005002,11.7894497499,11.7894497499,4.294921875,9.273454999999998,22.713675375
549,Chad,2016,76.4211005002,11.7894497499,11.7894497499,4.294921875,9.17354,22.693692375
550,Chad,2017,76.4211005002,11.7894497499,11.7894497499,4.294921875,8.20467,22.499918375
551,Chad,2018,76.4211005002,11.7894497499,11.7894497499,4.294921875,9.287105,22.716405375
552,Chad,2019,76.4211005002,11.7894497499,11.7894497499,4.294921875,10.24253,22.907490375
553,Chad,2020,76.4211005002,11.7894497499,11.7894497499,4.294921875,10.47,22.952984375
610,Comoros,2000,47.0,48.0,5.0,0.8333333333,40.658625,28.29839166666
611,Comoros,2001,47.0,48.0,5.0,0.8333333333,41.52037,28.470740666660003
612,Comoros,2002,47.0,48.0,5.0,0.8333333333,42.851785,28.73702366666
613,Comoros,2003,47.0,48.0,5.0,0.8333333333,43.69138,28.90494266666
614,Comoros,2004,47.0,48.0,5.0,0.8333333333,44.44068,29.05480266666
615,Comoros,2005,47.0,48.0,5.0,0.8333333333,45.357985,29.23826366666
616,Comoros,2006,47.0,48.0,5.0,0.8333333333,46.590825,29.48483166666
617,Comoros,2007,47.0,48.0,5.0,0.8333333333,43.107635,28.788193666660003
618,Comoros,2008,47.0,48.0,5.0,0.8333333333,46.52208,29.471082666660003
619,Comoros,2009,47.0,48.0,5.0,0.8333333333,47.091155,29.584897666660005
620,Comoros,2010,47.0,48.0,5.0,0.8333333333,48.91777,29.95022066666
621,Comoros,2011,47.0,48.0,5.0,0.8333333333,52.039535,30.57457366666
622,Comoros,2012,47.0,48.0,5.0,0.8333333333,55.479365,31.26253966666
623,Comoros,2013,47.0,48.0,5.0,0.8333333333,59.898235,32.14631366666
624,Comoros,2014,47.0,48.0,5.0,0.8333333333,62.449695000000006,32.656605666660006
625,Comoros,2015,47.0,48.0,5.0,0.8333333333,63.620055,32.890677666660004
626,Comoros,2016,47.0,48.0,5.0,0.8333333333,64.05181999999999,32.97703066666
627,Comoros,2017,47.0,48.0,5.0,0.8333333333,67.02770000000001,33.57220666666
628,Comoros,2018,47.0,48.0,5.0,0.8333333333,68.13474500000001,33.79361566666
629,Comoros,2019,47.0,48.0,5.0,0.8333333333,69.63478,34.09362266666
630,Comoros,2020,47.0,48.0,5.0,0.8333333333,70.04,34.17466666666
732,Djibouti,2000,15.7894736842,84.2105263158,0.0,6.3333333333,,26.583333333325
733,Djibouti,2005,15.7894736842,84.2105263158,0.0,6.3333333333,,26.583333333325
734,Djibouti,2010,15.7894736842,84.2105263158,0.0,6.3333333333,,26.583333333325
735,Djibouti,2015,15.7894736842,84.2105263158,0.0,6.3333333333,,26.583333333325
736,Djibouti,2016,15.7894736842,84.2105263158,0.0,6.3333333333,,26.583333333325
737,Djibouti,2017,15.7894736842,84.2105263158,0.0,6.3333333333,,26.583333333325
738,Djibouti,2018,15.7894736842,84.2105263158,0.0,6.3333333333,,26.583333333325
739,Djibouti,2020,15.7894736842,84.2105263158,0.0,6.3333333333,,26.583333333325
809,Equatorial Guinea,2000,5.7471264368,79.3103448276,14.9425287356,0.1612604263,,25.040315106575
810,Equatorial Guinea,2005,5.0505050505,79.797979798,15.1515151515,0.1835032437,,25.045875810925
811,Equatorial Guinea,2010,5.0505050505,79.797979798,15.1515151515,0.1835032437,,25.045875810925
812,Equatorial Guinea,2015,5.0505050505,79.797979798,15.1515151515,0.1835032437,,25.045875810925
813,Equatorial Guinea,2016,5.0505050505,79.797979798,15.1515151515,0.1835032437,,25.045875810925
814,Equatorial Guinea,2017,5.0505050505,79.797979798,15.1515151515,0.1835032437,,25.045875810925
815,Equatorial Guinea,2018,5.0505050505,79.797979798,15.1515151515,0.1835032437,,25.045875810925
816,Equatorial Guinea,2020,5.0505050505,79.797979798,15.1515151515,0.1835032437,,25.045875810925
817,Eritrea,2000,70.1499758104,14.9250120948,14.9250120948,7.9377880184,3.327425,22.25304260368
818,Eritrea,2001,77.9277796071,11.859290967,10.212929426,8.7471198157,2.52141,22.25370596316
819,Eritrea,2002,84.388185654,9.3128390597,6.2989752863,9.5564516129,2.618295,22.434949322580003
820,Eritrea,2003,89.8397703066,7.1640270445,2.9962026489,10.3657834101,2.52953,22.57906268202
821,Eritrea,2004,94.5017182131,5.3264604811,0.1718213058,11.1751152074,2.318995,22.69882204148
822,Eritrea,2005,94.5017182131,5.3264604811,0.1718213058,11.1751152074,2.057655,22.64655404148
823,Eritrea,2006,94.5017182131,5.3264604811,0.1718213058,11.1751152074,2.0066,22.63634304148
824,Eritrea,2007,94.5017182131,5.3264604811,0.1718213058,11.1751152074,2.085505,22.65212404148
825,Eritrea,2008,94.5017182131,5.3264604811,0.1718213058,11.1751152074,1.86952,22.60892704148
826,Eritrea,2009,94.5017182131,5.3264604811,0.1718213058,11.1751152074,2.18651,22.67232504148
827,Eritrea,2010,94.5017182131,5.3264604811,0.1718213058,11.1751152074,2.278045,22.69063204148
828,Eritrea,2011,94.5017182131,5.3264604811,0.1718213058,11.1751152074,2.9457500000000003,22.82417304148
829,Eritrea,2012,94.5017182131,5.3264604811,0.1718213058,11.1751152074,3.03734,22.84249104148
830,Eritrea,2013,94.5017182131,5.3264604811,0.1718213058,11.1751152074,2.65557,22.76613704148
831,Eritrea,2014,94.5017182131,5.3264604811,0.1718213058,11.1751152074,3.587185,22.95246004148
832,Eritrea,2015,94.5017182131,5.3264604811,0.1718213058,11.1751152074,2.92598,22.82021904148
833,Eritrea,2016,94.5017182131,5.3264604811,0.1718213058,11.1751152074,3.189545,22.87293204148
834,Eritrea,2017,94.5017182131,5.3264604811,0.1718213058,11.1751152074,2.81715,22.79845304148
835,Eritrea,2018,94.5017182131,5.3264604811,0.1718213058,11.1751152074,3.207735,22.87657004148
836,Eritrea,2019,94.5017182131,5.3264604811,0.1718213058,11.1751152074,3.336605,22.90234404148
837,Eritrea,2020,94.5017182131,5.3264604811,0.1718213058,11.1751152074,3.31,22.89702304148
859,Eswatini,2002,95.5910300266,2.9380463702,1.4709236032,76.4270152505,2.18203,35.7218090501
860,Eswatini,2003,95.1210287443,3.2507564297,1.628214826,76.804647785,2.26521,35.813971557
861,Eswatini,2004,94.6556266466,3.5604064735,1.7839668799,77.1822803195,2.395485,35.9155530639
862,Eswatini,2005,94.1947565543,3.8670411985,1.9382022472,77.559912854,2.51303,36.0145885708
863,Eswatini,2006,94.1947565543,3.8670411985,1.9382022472,77.559912854,2.675515,36.0470855708
864,Eswatini,2007,94.1947565543,3.8670411985,1.9382022472,77.559912854,2.814025,36.0747875708
865,Eswatini,2008,94.1947565543,3.8670411985,1.9382022472,77.559912854,2.851515,36.0822855708
866,Eswatini,2009,94.1947565543,3.8670411985,1.9382022472,77.559912854,2.901905,36.0923635708
867,Eswatini,2010,94.1947565543,3.8670411985,1.9382022472,77.559912854,2.97651,36.1072845708
868,Eswatini,2011,94.1947565543,3.8670411985,1.9382022472,77.559912854,3.03227,36.1184365708
869,Eswatini,2012,94.1947565543,3.8670411985,1.9382022472,77.559912854,3.135655,36.1391135708
870,Eswatini,2013,94.1947565543,3.8670411985,1.9382022472,77.559912854,3.25375,36.1627325708
871,Eswatini,2014,94.1947565543,3.8670411985,1.9382022472,77.559912854,3.303385,36.1726595708
872,Eswatini,2015,94.1947565543,3.8670411985,1.9382022472,77.559912854,3.376965,36.1873755708
873,Eswatini,2016,94.1947565543,3.8670411985,1.9382022472,77.559912854,3.448625,36.2017075708
874,Eswatini,2017,94.1947565543,3.8670411985,1.9382022472,77.559912854,3.521185,36.2162195708
875,Eswatini,2018,94.1947565543,3.8670411985,1.9382022472,77.559912854,3.5890500000000003,36.2297925708
876,Eswatini,2019,94.1947565543,3.8670411985,1.9382022472,77.559912854,3.60677,36.233336570800006
877,Eswatini,2020,94.1947565543,3.8670411985,1.9382022472,77.559912854,3.45,36.2019825708
878,Ethiopia,2002,93.6308024469,5.9913637999,0.3778337531,16.996941896,1.85771,23.77093037918
879,Ethiopia,2003,91.7316133656,7.7777953428,0.4905912916,19.344648318,1.644835,24.1978966636
880,Ethiopia,2004,90.2435127489,9.1775453238,0.5789419272,21.6923547401,1.5739,24.653250948
881,Ethiopia,2005,89.0460622559,10.3039014896,0.6500362545,24.0400611621,1.530435,25.11409923242
882,Ethiopia,2006,89.376182577,9.9933714001,0.6304460229,24.7870725605,1.6303299999999998,25.2834805121
883,Ethiopia,2007,89.6832767374,9.7006093638,0.6119767142,25.5351403948,1.77092,25.46038464204
884,Ethiopia,2008,89.9746982191,9.4247018156,0.5945706948,26.2826800111,1.81568,25.61846614812
885,Ethiopia,2009,90.2570558969,9.1647714824,0.5781726207,27.0281067556,1.944885,25.79459835112
886,Ethiopia,2010,90.5190922367,8.9182850868,0.5626226765,27.775118154,2.215045,25.9980326308
887,Ethiopia,2011,90.7674028039,8.6847099395,0.5478872567,28.5221295524,2.47364,26.199153910499994
888,Ethiopia,2012,91.0030385321,8.4630574719,0.5339039961,29.2691409508,2.4710400000000003,26.34803619018
889,Ethiopia,2013,91.2269457368,8.2524375255,0.5206167377,30.0161523492,2.81678,26.56658646984
890,Ethiopia,2014,91.4399788171,8.0520464036,0.5079747793,30.7631637476,3.17794,26.78822074952
891,Ethiopia,2015,91.6429111513,7.8611566223,0.4959322264,31.510175146,3.57966,27.0179670292
892,Ethiopia,2016,91.8199052133,7.6777251185,0.4843601896,32.2629969419,3.86716,27.22242949266
893,Ethiopia,2017,91.8364444782,7.6791080858,0.484447436,32.2571865443,4.343500000000001,27.32013730886
894,Ethiopia,2018,91.8364444782,7.6791080858,0.484447436,32.2571865443,4.894909999999999,27.430419308860003
895,Ethiopia,2019,91.8364444782,7.6791080858,0.484447436,32.2571865443,5.15528,27.48249330886
896,Ethiopia,2020,91.8364444782,7.6791080858,0.484447436,32.2571865443,5.35,27.52143730886
949,Gabon,2000,33.4995843724,57.0241064007,9.4763092269,0.4342960289,71.657115,34.418282205779995
950,Gabon,2001,32.4842817991,57.8913428986,9.6243753023,0.4478700361,71.55774,34.40112200722
951,Gabon,2002,31.5287122516,58.7075575027,9.7637302457,0.4614440433,69.250245,33.94233780866
952,Gabon,2003,30.627754978,59.477124183,9.895120839,0.4750180505,68.61931000000001,33.8188656101
953,Gabon,2004,29.7768582828,60.2039308408,10.0192108763,0.4885920578,68.5007,33.797858411540005
954,Gabon,2005,28.9719626168,60.8914450036,10.1365923796,0.502166065,68.348465,33.770126213000005
955,Gabon,2006,28.9719626168,60.8914450036,10.1365923796,0.502166065,67.10884999999999,33.522203213
956,Gabon,2007,28.9719626168,60.8914450036,10.1365923796,0.502166065,70.12662,34.125757213
957,Gabon,2008,28.9719626168,60.8914450036,10.1365923796,0.502166065,69.18867,33.938167213
958,Gabon,2009,28.9719626168,60.8914450036,10.1365923796,0.502166065,66.789005,33.458234213000004
959,Gabon,2010,28.9719626168,60.8914450036,10.1365923796,0.502166065,71.10819000000001,34.322071213
960,Gabon,2011,28.9719626168,60.8914450036,10.1365923796,0.502166065,77.288685,35.558170213
961,Gabon,2012,28.9719626168,60.8914450036,10.1365923796,0.502166065,81.19048000000001,36.338529213
962,Gabon,2013,28.9719626168,60.8914450036,10.1365923796,0.502166065,85.74929499999999,37.250292213
963,Gabon,2014,28.9719626168,60.8914450036,10.1365923796,0.502166065,88.87952999999999,37.876339213
964,Gabon,2015,28.9719626168,60.8914450036,10.1365923796,0.502166065,91.36854,38.374141213
965,Gabon,2016,28.9719626168,60.8914450036,10.1365923796,0.502166065,92.949775,38.690388213
966,Gabon,2017,28.9719626168,60.8914450036,10.1365923796,0.502166065,94.77975,39.056383213
967,Gabon,2018,28.9719626168,60.8914450036,10.1365923796,0.502166065,96.143775,39.329188213
968,Gabon,2019,28.9719626168,60.8914450036,10.1365923796,0.502166065,99.30396,39.961225213
969,Gabon,2020,28.9719626168,60.8914450036,10.1365923796,0.502166065,97.04,39.508433213
1006,Ghana,2000,66.3951120163,23.9307535642,9.6741344196,4.2807323452,14.51388,23.75892246906
1007,Ghana,2001,67.1993063297,23.3865972996,9.4140963706,4.3989755885,14.82801,23.84539711768
1008,Ghana,2002,67.9613992762,22.8709288299,9.1676718938,4.5172188317,15.195655,23.94257476632
1009,Ghana,2003,68.6846126719,22.3815681204,8.9338192077,4.635462075,15.5287,24.032832415
1010,Ghana,2004,69.3718477762,21.9165520403,8.7116001834,4.7537053182,15.72165,24.09507106362
1011,Ghana,2005,70.0257241919,21.4741080416,8.5001677665,4.8719485615,16.443824999999997,24.2631547123
1012,Ghana,2006,70.6486132343,21.0526315789,8.2987551867,4.9901918047,16.920969999999997,24.382232360920003
1013,Ghana,2007,71.2426666667,20.6506666667,8.1066666667,5.108435048,16.801815,24.38205000962001
1014,Ghana,2008,71.8098415346,20.2668890742,7.9232693912,5.2266782912,17.30155,24.50564565824
1015,Ghana,2009,72.3519217046,19.9000917525,7.747986543,5.3449215344,17.59536,24.5880563069
1016,Ghana,2010,72.8705366048,19.5491721524,7.5802912428,5.4631647777,18.448435,24.78231995554
1017,Ghana,2011,73.1956754651,19.4019674686,7.4023570663,5.5944856146,22.34679,25.58825512292
1018,Ghana,2012,73.3941467123,19.3842645382,7.2215887495,5.7345248474,24.800075,26.10691996948
1019,Ghana,2013,74.133258574,18.7646014391,7.1021399869,5.8309721011,26.36743,26.43968042022
1020,Ghana,2014,74.7823211727,18.237260737,6.9804180903,5.9326503923,25.471225,26.28077507846
1021,Ghana,2015,72.5681711535,20.8276125758,6.6042162707,6.2705972101,24.764395,26.20699844202
1022,Ghana,2016,73.0574900997,20.4560972279,6.4864126724,6.3147340889,25.171105,26.29716781778
1023,Ghana,2017,73.0574900997,20.4560972279,6.4864126724,6.3147340889,27.90298,26.84354281778
1024,Ghana,2018,73.0574900997,20.4560972279,6.4864126724,6.3147340889,30.19829,27.30260481778
1025,Ghana,2019,73.0574900997,20.4560972279,6.4864126724,6.3147340889,32.793985,27.82174381778
1026,Ghana,2020,73.0574900997,20.4560972279,6.4864126724,6.3147340889,32.58,27.778946817780003
1073,Guinea,2000,54.977585121,36.0144739605,9.0079409186,0.8892307692,6.86,21.54984615386
1074,Guinea,2001,52.5456567759,37.9606042123,9.4937390119,0.8569230769,7.29106,21.6295966154
1075,Guinea,2002,53.6511699657,37.0769936508,9.2718363834,0.8634615385,7.02246,21.57718430768
1076,Guinea,2003,54.6751746263,36.2585309303,9.0662944434,0.87,8.408995,21.855799
1077,Guinea,2004,55.6263645928,35.4982672735,8.8753681337,0.8765384615,7.99851,21.7750096923
1078,Guinea,2005,56.5122397517,34.7902081987,8.6975520497,0.8830769231,7.850284999999999,21.74667238464
1079,Guinea,2006,57.6348927228,33.8689481335,8.4961591437,0.9204733728,7.429935,21.67008167456
1080,Guinea,2007,58.6959442511,32.9982388179,8.305816931,0.9578698225,7.422245,21.6760229645
1081,Guinea,2008,59.7003291741,32.1740306757,8.1256401502,0.9952662722,7.52854,21.70476125444
1082,Guinea,2009,60.6524689379,31.3926954248,7.9548356373,1.0326627219,7.242129999999999,21.65495854438
1083,Guinea,2010,61.5563366673,30.6509726798,7.7926906528,1.0700591716,7.300549999999999,21.6741218343
1084,Guinea,2011,62.4155125843,29.9459244756,7.6385629401,1.1074556213,7.65095,21.75168112426
1085,Guinea,2012,63.2332314039,29.274896373,7.4918722231,1.144852071,7.63144,21.7552584142
1086,Guinea,2013,64.0124230309,28.6354840635,7.3520929056,1.1822485207,7.680845,21.77261870414
1087,Guinea,2014,64.755747637,28.0255045839,7.2187477791,1.2196449704,7.760985,21.79612599408
1088,Guinea,2015,65.4656260024,27.4429714183,7.0914025794,1.2570414201,7.769185,21.80524528404
1089,Guinea,2016,66.1442658522,26.8860728856,6.9696612622,1.2944378698,8.491215,21.95713057396
1090,Guinea,2017,66.7936847911,26.3531533197,6.8531618892,1.3318343195,8.829550000000001,22.0322768639
1091,Guinea,2018,67.4157303371,25.8426966292,6.7415730337,1.3692307692,8.950125,22.06387115384
1092,Guinea,2019,67.4157303371,25.8426966292,6.7415730337,1.3692307692,9.504915,22.17482915384
1093,Guinea,2020,67.4157303371,25.8426966292,6.7415730337,1.3692307692,10.47,22.36784615384
1094,Guinea-Bissau,2000,82.2857142857,13.1428571429,4.5714285714,1.4957264957,2.26003,20.75115129914
1095,Guinea-Bissau,2001,80.8988764045,14.1685393258,4.9325842697,1.4957264957,2.421095,20.78336429914
1096,Guinea-Bissau,2002,79.5580110497,15.1602209945,5.2817679558,1.4957264957,2.155525,20.73025029914
1097,Guinea-Bissau,2003,78.2608695652,16.1195652174,5.6195652174,1.4957264957,2.19217,20.73757929914
1098,Guinea-Bissau,2004,77.0053475936,17.0481283422,5.9465240642,1.4957264957,2.183595,20.73586429914
1099,Guinea-Bissau,2005,75.7894736842,17.9473684211,6.2631578947,1.4957264957,2.18129,20.73540329914
1100,Guinea-Bissau,2006,75.7894736842,17.9473684211,6.2631578947,1.4957264957,2.311635,20.76147229914
1101,Guinea-Bissau,2007,75.7894736842,17.9473684211,6.2631578947,1.4957264957,2.36287,20.77171929914
1102,Guinea-Bissau,2008,75.7894736842,17.9473684211,6.2631578947,1.4957264957,2.32993,20.76513129914
1103,Guinea-Bissau,2009,75.7894736842,17.9473684211,6.2631578947,1.4957264957,2.4908200000000003,20.79730929914
1104,Guinea-Bissau,2010,75.7894736842,17.9473684211,6.2631578947,1.4957264957,2.5302,20.80518529914
1105,Guinea-Bissau,2011,75.7894736842,17.9473684211,6.2631578947,1.4957264957,2.75861,20.85086729914
1106,Guinea-Bissau,2012,75.7894736842,17.9473684211,6.2631578947,1.4957264957,2.64761,20.82866729914
1107,Guinea-Bissau,2013,75.7894736842,17.9473684211,6.2631578947,1.4957264957,2.8788400000000003,20.87491329914
1108,Guinea-Bissau,2014,75.7894736842,17.9473684211,6.2631578947,1.4957264957,2.992535,20.89765229914
1109,Guinea-Bissau,2015,75.7894736842,17.9473684211,6.2631578947,1.4957264957,2.76715,20.85257529914
1110,Guinea-Bissau,2016,75.7894736842,17.9473684211,6.2631578947,1.4957264957,2.948485,20.88884229914
1111,Guinea-Bissau,2017,75.7894736842,17.9473684211,6.2631578947,1.4957264957,2.90578,20.88030129914
1112,Guinea-Bissau,2018,75.7894736842,17.9473684211,6.2631578947,1.4957264957,3.894740000000001,21.07809329914
1113,Guinea-Bissau,2019,75.7894736842,17.9473684211,6.2631578947,1.4957264957,4.163525,21.13185029914
1114,Guinea-Bissau,2020,75.7894736842,17.9473684211,6.2631578947,1.4957264957,4.67,21.23314529914
1398,Kenya,2000,64.7467823857,29.1385176784,6.1146999359,12.8600418543,15.114635,25.59493537086
1399,Kenya,2001,69.3034305269,25.3513956843,5.3451737889,14.9487390872,14.080135,25.80577481746
1400,Kenya,2002,72.7428380005,22.4928348987,4.7643271008,17.0374363202,12.589915,25.92547026404
1401,Kenya,2003,75.4310344828,20.2586206897,4.3103448276,19.1261335532,11.686825,26.162591710660003
1402,Kenya,2004,72.3946784922,23.3749562376,4.2303652702,20.183723943,11.564545,26.3496537886
1403,Kenya,2005,69.6606786427,26.1809713906,4.1583499667,21.2413143328,11.828315,26.61392586656
1404,Kenya,2006,67.186014577,28.7208196894,4.0931657336,22.2989047226,12.090645,26.87790994452
1405,Kenya,2007,64.9354578459,31.0306575232,4.0338846309,23.3564951125,12.30322,27.131943022500003
1406,Kenya,2008,62.8798842258,33.1403762663,3.979739508,24.4140855023,11.68638,27.220093100479996
1407,Kenya,2009,60.9950064731,35.0749029036,3.9300906233,25.4716758921,11.467185,27.38777217842
1408,Kenya,2010,59.2604101927,36.8551895587,3.8844002486,26.5292662819,11.690135,27.64388025638
1409,Kenya,2011,59.2604101927,36.8551895587,3.8844002486,26.5325638912,12.27947,27.76240677824
1410,Kenya,2012,59.2604101927,36.8551895587,3.8844002486,26.5358615004,12.93234,27.89364030008
1411,Kenya,2013,59.2604101927,36.8551895587,3.8844002486,26.5391591096,13.629135,28.03365882192
1412,Kenya,2014,59.2604101927,36.8551895587,3.8844002486,26.5424567189,14.237935,28.156078343780003
1413,Kenya,2015,59.2604101927,36.8551895587,3.8844002486,26.5457543281,14.63746,28.23664286562
1414,Kenya,2016,80.2083333333,12.2767857143,7.5148809524,33.2399010717,12.20292,29.088564214340003
1415,Kenya,2017,80.2083333333,12.2767857143,7.5148809524,33.2399010717,12.258545,29.099689214340003
1416,Kenya,2018,80.2083333333,12.2767857143,7.5148809524,33.2399010717,13.020615,29.252103214340003
1417,Kenya,2019,80.2083333333,12.2767857143,7.5148809524,33.2399010717,13.603185,29.36861721434
1418,Kenya,2020,80.2083333333,12.2767857143,7.5148809524,33.2399010717,14.9,29.62798021434001
1475,Lesotho,2000,8.6757990868,45.6621004566,45.6621004566,2.5659050967,25.15358,25.54389701934
1476,Lesotho,2001,8.6757990868,45.6621004566,45.6621004566,2.5659050967,26.467485,25.80667801934
1477,Lesotho,2002,8.6757990868,45.6621004566,45.6621004566,2.5659050967,27.473925,26.00796601934
1478,Lesotho,2003,8.6757990868,45.6621004566,45.6621004566,2.5659050967,28.39115,26.19141101934
1479,Lesotho,2004,8.6757990868,45.6621004566,45.6621004566,2.5659050967,28.864655,26.28611201934
1480,Lesotho,2005,8.6757990868,45.6621004566,45.6621004566,2.5659050967,29.644875,26.44215601934
1481,Lesotho,2006,8.6757990868,45.6621004566,45.6621004566,2.5659050967,31.894505,26.89208201934
1482,Lesotho,2007,8.6757990868,45.6621004566,45.6621004566,2.5659050967,34.162915,27.34576401934
1483,Lesotho,2008,8.6757990868,45.6621004566,45.6621004566,2.5659050967,37.232545,27.959690019339995
1484,Lesotho,2009,8.6757990868,45.6621004566,45.6621004566,2.5659050967,36.699255,27.85303201934
1485,Lesotho,2010,8.6757990868,45.6621004566,45.6621004566,2.5659050967,38.06926,28.12703301934
1486,Lesotho,2011,8.6757990868,45.6621004566,45.6621004566,2.5659050967,39.866295,28.48644001934
1487,Lesotho,2012,8.6757990868,45.6621004566,45.6621004566,2.5659050967,41.78052,28.86928501934
1488,Lesotho,2013,8.6757990868,45.6621004566,45.6621004566,2.5659050967,43.159385,29.14505801934
1489,Lesotho,2014,8.6757990868,45.6621004566,45.6621004566,2.5659050967,44.842095,29.48160001934
1490,Lesotho,2015,8.6757990868,45.6621004566,45.6621004566,2.5659050967,46.083635,29.729908019339994
1491,Lesotho,2016,8.6757990868,45.6621004566,45.6621004566,2.5659050967,47.016395,29.91646001934
1492,Lesotho,2017,8.6757990868,45.6621004566,45.6621004566,2.5659050967,45.86116,29.68541301934
1493,Lesotho,2018,8.6757990868,45.6621004566,45.6621004566,2.5659050967,45.73839,29.66085901934
1494,Lesotho,2019,8.6757990868,45.6621004566,45.6621004566,2.5659050967,46.524785,29.81813801934
1495,Lesotho,2020,8.6757990868,45.6621004566,45.6621004566,2.5659050967,43.4,29.19318101934
1496,Liberia,2000,9.4036697248,54.3577981651,36.2385321101,0.2369565217,2.368905,20.52117230434
1497,Liberia,2001,9.1914512031,54.4911074578,36.3174413391,0.2424275362,2.21043,20.49057150724
1498,Liberia,2002,8.9885998246,54.6185325928,36.3928675826,0.2478985507,2.1413900000000003,20.47785771014
1499,Liberia,2003,8.7945087945,54.7404547405,36.465036465,0.2533695652,1.48157,20.346987913040003
1500,Liberia,2004,8.6086226204,54.8572228443,36.5341545353,0.2588405797,1.76144,20.40405611594
1501,Liberia,2005,8.4304318026,54.9691569568,36.6004112406,0.2643115942,1.6804549999999998,20.38895331884
1502,Liberia,2006,8.4304318026,54.9691569568,36.6004112406,0.2643115942,1.910515,20.43496531884
1503,Liberia,2007,8.4304318026,54.9691569568,36.6004112406,0.2643115942,2.48076,20.54901431884
1504,Liberia,2008,8.4304318026,54.9691569568,36.6004112406,0.2643115942,2.56014,20.56489031884
1505,Liberia,2009,8.4304318026,54.9691569568,36.6004112406,0.2643115942,2.88794,20.63045031884
1506,Liberia,2010,8.4304318026,54.9691569568,36.6004112406,0.2643115942,2.942035,20.64126931884
1507,Liberia,2011,8.4304318026,54.9691569568,36.6004112406,0.2643115942,2.809695,20.61480131884
1508,Liberia,2012,8.4304318026,54.9691569568,36.6004112406,0.2643115942,3.589815,20.77082531884
1509,Liberia,2013,8.4304318026,54.9691569568,36.6004112406,0.2643115942,4.38128,20.92911831884
1510,Liberia,2014,8.4304318026,54.9691569568,36.6004112406,0.2643115942,5.64734,21.18233031884
1511,Liberia,2015,8.4304318026,54.9691569568,36.6004112406,0.2643115942,4.788225000000001,21.01050731884
1512,Liberia,2016,8.4304318026,54.9691569568,36.6004112406,0.2643115942,4.197905,20.89244331884
1513,Liberia,2017,8.4304318026,54.9691569568,36.6004112406,0.2643115942,4.307975,20.91445731884
1514,Liberia,2018,8.4304318026,54.9691569568,36.6004112406,0.2643115942,4.627325,20.97832731884
1515,Liberia,2019,8.4304318026,54.9691569568,36.6004112406,0.2643115942,4.3804,20.92894231884
1516,Liberia,2020,8.4304318026,54.9691569568,36.6004112406,0.2643115942,4.27,20.90686231884
1517,Libya,2000,82.8478964401,14.1007859454,3.0513176144,615.4285714286,17.050225,146.4957592857
1518,Libya,2001,82.8478964401,14.1007859454,3.0513176144,631.9571428571,16.697935,149.7310155714
1519,Libya,2002,82.8478964401,14.1007859454,3.0513176144,648.4857142857,16.873355,153.07181385712002
1520,Libya,2003,82.8478964401,14.1007859454,3.0513176144,665.0142857143,19.00078,156.80301314284
1521,Libya,2004,82.8478964401,14.1007859454,3.0513176144,681.5428571429,19.71175,160.25092142856
1522,Libya,2005,82.8478964401,14.1007859454,3.0513176144,698.0714285714,21.65738,163.94576171426
1523,Libya,2006,82.9048752027,13.7524358124,3.3426889849,715.0816326531,22.419805,167.50028753062
1524,Libya,2007,82.9588123548,13.4226811232,3.618506522,732.0918367347,23.1782,171.05400734693998
1525,Libya,2008,83.0099451136,13.1100716083,3.8799832781,749.1020408163,22.793805,174.37916916326
1526,Libya,2009,83.0584866533,12.8133039867,4.1282093599,766.112244898,21.615055,177.54545997958
1527,Libya,2010,83.1046290767,12.5312038042,4.3641671191,783.1224489796,22.110535,181.04659679592
1528,Libya,2011,83.1485459552,12.2627098991,4.5887441458,800.1326530612,9.53089,181.93270861226
1529,Libya,2012,83.1903945111,12.0068610635,4.8027444254,817.1428571429,19.096555,187.24788242858
1530,Libya,2013,83.1903945111,12.0068610635,4.8027444254,817.1428571429,11.87172,185.80291542858
1531,Libya,2014,83.1903945111,12.0068610635,4.8027444254,817.1428571429,7.64013,184.95659742858
1532,Libya,2015,83.1903945111,12.0068610635,4.8027444254,817.1428571429,5.75209,184.57898942858
1533,Libya,2016,83.1903945111,12.0068610635,4.8027444254,817.1428571429,5.518365,184.53224442858
1534,Libya,2017,83.1903945111,12.0068610635,4.8027444254,817.1428571429,7.471550000000001,184.92288142858
1535,Libya,2018,83.1903945111,12.0068610635,4.8027444254,817.1428571429,8.325965,185.09376442858
1536,Libya,2019,83.1903945111,12.0068610635,4.8027444254,817.1428571429,6.825365,184.79364442858
1537,Libya,2020,83.1903945111,12.0068610635,4.8027444254,817.1428571429,3.53,184.13457142858
1573,Madagascar,2000,97.2355193873,1.7861416946,0.9783389181,11.1879497908,0.41996,22.321581958160003
1574,Madagascar,2001,97.1084972486,1.8686534431,1.0235165285,11.2026610879,0.4585,22.33236566162
1575,Madagascar,2002,96.9804755923,1.9509487675,1.0685756403,11.2173723849,0.401775,22.323829477
1576,Madagascar,2003,96.8534547627,2.0330285181,1.1135167191,11.232083682,0.44847,22.33611073638
1577,Madagascar,2004,96.7274308327,2.114893541,1.1581050862,11.2467949791,0.462505,22.3419458878
1578,Madagascar,2005,96.600408694,2.1965446777,1.2030466283,11.2615062762,0.481145,22.34853025524
1579,Madagascar,2006,95.8921287315,2.9136454499,1.1942258186,11.2615062762,0.51909,22.35611925524
1580,Madagascar,2007,95.8921287315,2.9136454499,1.1942258186,11.2615062762,0.5620750000000001,22.36471625524
1581,Madagascar,2008,95.8921287315,2.9136454499,1.1942258186,11.2615062762,0.610105,22.37432225524
1582,Madagascar,2009,95.8921287315,2.9136454499,1.1942258186,11.2615062762,0.580005,22.36830225524
1583,Madagascar,2010,95.8921287315,2.9136454499,1.1942258186,11.2615062762,0.587835,22.36986825524
1584,Madagascar,2011,95.8921287315,2.9136454499,1.1942258186,11.2615062762,0.59825,22.37195125524
1585,Madagascar,2012,95.8921287315,2.9136454499,1.1942258186,11.2615062762,0.62016,22.37633325524
1586,Madagascar,2013,95.8921287315,2.9136454499,1.1942258186,11.2615062762,0.63923,22.38014725524
1587,Madagascar,2014,95.8921287315,2.9136454499,1.1942258186,11.2615062762,0.661335,22.38456825524
1588,Madagascar,2015,95.8921287315,2.9136454499,1.1942258186,11.2615062762,0.680085,22.38831825524
1589,Madagascar,2016,95.8921287315,2.9136454499,1.1942258186,11.2615062762,0.7105049999999999,22.39440225524
1590,Madagascar,2017,95.8921287315,2.9136454499,1.1942258186,11.2615062762,0.7416400000000001,22.40062925524
1591,Madagascar,2018,95.8921287315,2.9136454499,1.1942258186,11.2615062762,0.757905,22.40388225524
1592,Madagascar,2019,95.8921287315,2.9136454499,1.1942258186,11.2615062762,0.802185,22.41273825524
1593,Madagascar,2020,95.8921287315,2.9136454499,1.1942258186,11.2615062762,0.72,22.39630125524
1594,Malawi,2000,87.0980788675,9.6744186047,3.2275025278,15.9495548961,1.50802,23.49151497922
1595,Malawi,2001,87.121785982,9.6571066749,3.2211073431,16.6060508322,1.387665,23.59874316644
1596,Malawi,2002,87.1436899299,9.6411114931,3.215198577,17.2625467682,1.3716750000000002,23.72684435364
1597,Malawi,2003,86.7378819889,9.9458446157,3.3162733954,17.3433105406,1.460955,23.76085310812
1598,Malawi,2004,86.335836036,10.2477527508,3.4164112133,17.424074313,1.487205,23.78225586262
1599,Malawi,2005,85.9375,10.546875,3.515625,17.5048380854,1.54679,23.81032561708
1600,Malawi,2006,85.9375,10.546875,3.515625,17.5048380854,1.700645,23.84109661708
1601,Malawi,2007,85.9375,10.546875,3.515625,17.5048380854,1.97979,23.89692561708
1602,Malawi,2008,85.9375,10.546875,3.515625,17.5048380854,2.138205,23.92860861708
1603,Malawi,2009,85.9375,10.546875,3.515625,17.5048380854,2.299615,23.96089061708
1604,Malawi,2010,85.9375,10.546875,3.515625,17.5048380854,2.4893850000000004,23.99884461708
1605,Malawi,2011,85.9375,10.546875,3.515625,17.5048380854,2.632975,24.02756261708
1606,Malawi,2012,85.9375,10.546875,3.515625,17.5048380854,2.73191,24.04734961708
1607,Malawi,2013,85.9375,10.546875,3.515625,17.5048380854,2.973275,24.09562261708
1608,Malawi,2014,85.9375,10.546875,3.515625,17.5048380854,3.255925,24.15215261708
1609,Malawi,2015,85.9375,10.546875,3.515625,17.5048380854,3.527185,24.20640461708
1610,Malawi,2016,85.9375,10.546875,3.515625,17.5048380854,3.79743,24.26045361708
1611,Malawi,2017,85.9375,10.546875,3.515625,17.5048380854,4.130755000000001,24.32711861708
1612,Malawi,2018,85.9375,10.546875,3.515625,17.5048380854,4.354395,24.37184661708
1613,Malawi,2019,85.9375,10.546875,3.515625,17.5048380854,4.553885,24.41174461708
1614,Malawi,2020,85.9375,10.546875,3.515625,17.5048380854,5.6,24.62096761708
1644,Mali,2000,98.1579636173,1.6937137373,0.1483226454,7.4473684211,0.470805,21.58363468422
1645,Mali,2001,98.178504489,1.691018857,0.130476654,7.8434860299,0.51105,21.670907205980004
1646,Mali,2002,98.1136940245,1.7666714795,0.119634496,7.8754061079,0.5422,21.68352122158
1647,Mali,2003,98.0494068101,1.8417133172,0.1088798726,7.9073261858,0.63052,21.70756923714
1648,Mali,2004,97.9856365348,1.9161517371,0.0982117281,7.9392462638,0.58224,21.70429725276
1649,Mali,2005,97.9223769882,1.9899939882,0.0876290235,7.9711663418,0.629375,21.72010826834
1650,Mali,2006,97.8596220594,2.063247204,0.0771307366,8.0030864198,0.7322150000000001,21.74706028396
1651,Mali,2007,97.8596220594,2.063247204,0.0771307366,8.0030864198,0.79218,21.75905328396
1652,Mali,2008,97.8596220594,2.063247204,0.0771307366,8.0030864198,0.859935,21.77260428396
1653,Mali,2009,97.8596220594,2.063247204,0.0771307366,8.0030864198,0.94855,21.79032728396
1654,Mali,2010,97.8596220594,2.063247204,0.0771307366,8.0030864198,1.04197,21.80901128396
1655,Mali,2011,97.8596220594,2.063247204,0.0771307366,8.0030864198,1.10145,21.82090728396
1656,Mali,2012,97.8596220594,2.063247204,0.0771307366,8.0030864198,1.169145,21.83444628396
1657,Mali,2013,97.8596220594,2.063247204,0.0771307366,8.0030864198,1.27333,21.85528328396
1658,Mali,2014,97.8596220594,2.063247204,0.0771307366,8.0030864198,1.369545,21.87452628396
1659,Mali,2015,97.8596220594,2.063247204,0.0771307366,8.0030864198,1.46,21.89261728396
1660,Mali,2016,97.8596220594,2.063247204,0.0771307366,8.0030864198,1.551295,21.91087628396
1661,Mali,2017,97.8596220594,2.063247204,0.0771307366,8.0030864198,1.662705,21.93315828396
1662,Mali,2018,97.8596220594,2.063247204,0.0771307366,8.0030864198,1.79046,21.95870928396
1663,Mali,2019,97.8596220594,2.063247204,0.0771307366,8.0030864198,1.91333,21.98328328396
1664,Mali,2020,97.8596220594,2.063247204,0.0771307366,8.0030864198,1.95,21.99061728396
1686,Mauritania,2000,93.6797401949,4.7401948539,1.5800649513,15.7123206917,1.599615,23.46238713836
1687,Mauritania,2001,93.0780990795,5.1914256904,1.7304752301,15.0830222048,1.65832,23.34826844096
1688,Mauritania,2002,92.4241395696,5.6818953228,1.8939651076,14.4537237178,1.765595,23.24386374356
1689,Mauritania,2003,91.7107270856,6.2169546858,2.0723182286,13.8244252309,1.9623,23.15734504618
1690,Mauritania,2004,90.9293680297,6.8029739777,2.2676579926,13.195126744,2.19055,23.0771353488
1691,Mauritania,2005,90.5791734558,7.0656199082,2.3552066361,13.2462173315,2.451575,23.139558466320004
1692,Mauritania,2006,90.5791734558,7.0656199082,2.3552066361,13.2462173315,3.018345,23.252912466320005
1693,Mauritania,2007,90.5791734558,7.0656199082,2.3552066361,13.2462173315,2.880435,23.22533046632001
1694,Mauritania,2008,90.5791734558,7.0656199082,2.3552066361,13.2462173315,2.88875,23.226993466320003
1695,Mauritania,2009,90.5791734558,7.0656199082,2.3552066361,13.2462173315,2.891045,23.22745246632001
1696,Mauritania,2010,90.5791734558,7.0656199082,2.3552066361,13.2462173315,3.03045,23.255333466320003
1697,Mauritania,2011,90.5791734558,7.0656199082,2.3552066361,13.2462173315,3.220885,23.293420466320004
1698,Mauritania,2012,90.5791734558,7.0656199082,2.3552066361,13.2462173315,3.227545,23.29475246632001
1699,Mauritania,2013,90.5791734558,7.0656199082,2.3552066361,13.2462173315,3.3691250000000004,23.32306846632
1700,Mauritania,2014,90.5791734558,7.0656199082,2.3552066361,13.2462173315,3.38093,23.325429466320006
1701,Mauritania,2015,90.5791734558,7.0656199082,2.3552066361,13.2462173315,3.422025,23.333648466320007
1702,Mauritania,2016,90.5791734558,7.0656199082,2.3552066361,13.2462173315,3.477605,23.344764466320004
1703,Mauritania,2017,90.5791734558,7.0656199082,2.3552066361,13.2462173315,3.573475,23.363938466320004
1704,Mauritania,2018,90.5791734558,7.0656199082,2.3552066361,13.2462173315,3.6222,23.373683466320006
1705,Mauritania,2019,90.5791734558,7.0656199082,2.3552066361,13.2462173315,3.911135,23.431470466320004
1706,Mauritania,2020,90.5791734558,7.0656199082,2.3552066361,13.2462173315,3.91,23.431243466320005
1707,Mauritius,2002,69.8184544952,25.9767937485,4.2047517563,24.9606203805,8.159984999999999,26.6241210761
1708,Mauritius,2003,67.724137931,29.5172413793,2.7586206897,26.3540530716,8.138635,26.89853761432
1709,Mauritius,2004,67.5847457627,30.2259887006,2.1892655367,25.7360959651,8.62179,26.87157719302
1710,Mauritius,2005,67.4384949349,30.9696092619,1.5918958032,25.1181388586,9.09037,26.841701771720004
1711,Mauritius,2006,66.42228739,31.6715542522,1.9061583578,24.7909850963,10.23269,27.004735019259996
1712,Mauritius,2007,67.1428571429,31.9047619048,0.9523809524,22.9007633588,11.723425,26.92483767178
1713,Mauritius,2008,67.1018276762,31.9843342037,0.9138381201,27.8444202108,10.211225,27.61112904216
1714,Mauritius,2009,63.1329113924,35.2848101266,1.582278481,22.9734641948,12.86998,27.16868883896
1715,Mauritius,2010,62.4420401855,36.0123647604,1.5455950541,23.155216285,13.06967,27.244977257
1716,Mauritius,2011,62.3467600701,35.9019264448,1.7513134851,20.756088695,15.320925,27.215402738999995
1717,Mauritius,2012,62.7147766323,35.3951890034,1.8900343643,21.1559432933,15.51181,27.33355065866
1718,Mauritius,2013,61.6776315789,36.1842105263,2.1381578947,22.1010541621,15.4032,27.5008508324
1719,Mauritius,2014,60.1612903226,37.7419354839,2.0967741935,22.5372591785,15.7605,27.6595518357
1720,Mauritius,2015,56.045751634,41.6666666667,2.2875816993,22.2464558342,16.52941,27.755173166839995
1721,Mauritius,2016,57.0287539936,41.054313099,1.9169329073,22.5372591785,16.790025,27.865456835680003
1722,Mauritius,2017,55.8441558442,42.2077922078,1.9480519481,22.1737549982,17.598245,27.95439999966
1723,Mauritius,2018,51.0067114094,47.1476510067,1.8456375839,21.4830970556,18.840635,28.06474641112
1724,Mauritius,2019,50.3344481605,47.9933110368,1.6722408027,21.6284987277,19.337455,28.19319074554
1725,Mauritius,2020,50.1644736842,48.3552631579,1.4802631579,22.0647037441,16.19,27.65094074882
1767,Morocco,2000,87.3116574148,9.8096748612,2.8548770817,60.4809676955,3.058205,32.703076410639994
1768,Morocco,2001,80.4434234037,15.4505342231,4.1060423732,65.792252676,2.97872,33.7541945352
1769,Morocco,2002,74.5815334773,20.2483801296,5.1700863931,71.1035376566,2.84254,34.78921553132
1770,Morocco,2003,75.7873895026,19.3292624164,4.8833480809,68.559496952,3.14545,34.34098939038001
1771,Morocco,2004,77.0895971136,18.336704386,4.5736985003,66.0154562473,3.4785500000000003,33.89880124944
1772,Morocco,2005,78.5001850569,17.2615375855,4.2382773576,63.4714155426,3.77195,33.44867310852
1773,Morocco,2006,80.0332712798,16.0930011487,3.8737275716,60.927374838,4.16861,33.019196967620005
1774,Morocco,2007,81.7055370951,14.8183803816,3.4760825233,58.3833341333,4.551245,32.58691582666
1775,Morocco,2008,83.5368366263,13.4225422369,3.0406211369,55.8392934287,5.060995,32.18005768576
1776,Morocco,2009,85.5509888083,11.8873316407,2.561679551,53.295252724,5.65871,31.7907925448
1777,Morocco,2010,87.7768190969,10.1907774902,2.0324034129,50.7512120194,6.269625,31.404167403879995
1778,Morocco,2011,87.7768190969,10.1907774902,2.0324034129,50.7512120194,6.85946,31.52213440388
1779,Morocco,2012,87.7768190969,10.1907774902,2.0324034129,50.7512120194,7.038195,31.55788140388
1780,Morocco,2013,87.7768190969,10.1907774902,2.0324034129,50.7512120194,7.25229,31.600700403879998
1781,Morocco,2014,87.7768190969,10.1907774902,2.0324034129,50.7512120194,7.538775,31.65799740388
1782,Morocco,2015,87.7768190969,10.1907774902,2.0324034129,50.7512120194,7.718795,31.69400140388
1783,Morocco,2016,87.7768190969,10.1907774902,2.0324034129,50.7512120194,7.97833,31.74590840388
1784,Morocco,2017,87.7768190969,10.1907774902,2.0324034129,50.7512120194,8.433879999999998,31.837018403879995
1785,Morocco,2018,87.7768190969,10.1907774902,2.0324034129,50.7512120194,8.74348,31.89893840388
1786,Morocco,2019,87.7768190969,10.1907774902,2.0324034129,50.7512120194,9.11227,31.97269640388
1787,Morocco,2020,87.7768190969,10.1907774902,2.0324034129,50.7512120194,8.71,31.89224240388
1788,Mozambique,2000,77.6926129362,19.516091978,2.7912950857,1.0351529564,3.841405,20.97531159126
1789,Mozambique,2001,76.383200124,20.6633161379,2.9534837381,1.0741260404,4.39106,21.09303720808
1790,Mozambique,2002,75.5297457581,21.4114724616,3.0587817802,1.1296687617,4.490625,21.12405875232
1791,Mozambique,2003,74.7562824801,22.0895068894,3.1542106304,1.1852114829,4.520885,21.141219296560003
1792,Mozambique,2004,74.0520678174,22.7068365022,3.2410956804,1.2407542042,4.690405,21.18623184084
1793,Mozambique,2005,73.4082004377,23.2712643979,3.3205351644,1.2962969254,4.7811900000000005,21.21549738508
1794,Mozambique,2006,73.3612093269,23.5301489885,3.1086416846,1.3418158655,5.032305,21.2748241731
1795,Mozambique,2007,73.3173018058,23.7720453911,2.9106528032,1.3873348055,5.31042,21.33955096112
1796,Mozambique,2008,73.2761839954,23.9985726496,2.7252433549,1.4328537455,5.310309999999999,21.34863274908
1797,Mozambique,2009,73.2375982112,24.2111504071,2.5512513817,1.4783726856,5.407640000000001,21.377202537119995
1798,Mozambique,2010,73.2013175568,24.4110286864,2.3876537568,1.5238916256,5.62018,21.428814325120005
1799,Mozambique,2011,73.1671414594,24.5993124886,2.233546052,1.5694105657,5.91038,21.49595811314
1800,Mozambique,2012,73.1348919596,24.7769822312,2.0881258093,1.6149295057,6.231565,21.569298901160003
1801,Mozambique,2013,73.1044106123,24.9449108241,1.9506785636,1.6604484457,6.511315,21.634352689139995
1802,Mozambique,2014,73.075555883,25.1038780129,1.8205661041,1.7059673858,6.838625,21.70891847716
1803,Mozambique,2015,73.0482009504,25.2545824847,1.6972165648,1.7514863258,7.13174,21.77664526514
1804,Mozambique,2016,73.0482009504,25.2545824847,1.6972165648,1.7514863258,7.430149999999999,21.83632726514
1805,Mozambique,2017,73.0482009504,25.2545824847,1.6972165648,1.7514863258,7.61997,21.87429126514
1806,Mozambique,2018,73.0482009504,25.2545824847,1.6972165648,1.7514863258,7.92891,21.93607926514
1807,Mozambique,2019,73.0482009504,25.2545824847,1.6972165648,1.7514863258,7.905815,21.93146026514
1808,Mozambique,2020,73.0482009504,25.2545824847,1.6972165648,1.7514863258,7.76,21.90229726514
1830,Namibia,2000,71.0,24.3333333333,4.6666666667,0.8971410313,15.363485,23.25212520626
1831,Namibia,2001,70.4081632653,24.8299319728,4.7619047619,0.8793467993,16.31023,23.43791535986
1832,Namibia,2002,69.7916666667,25.3472222222,4.8611111111,0.8615525672,17.166130000000003,23.60553651344
1833,Namibia,2003,69.7916666667,25.3472222222,4.8611111111,0.8615525672,18.29328,23.83096651344
1834,Namibia,2004,69.7916666667,25.3472222222,4.8611111111,0.8615525672,20.400905,24.25249151344
1835,Namibia,2005,69.7916666667,25.3472222222,4.8611111111,0.8615525672,20.540225,24.28035551344
1836,Namibia,2006,69.7916666667,25.3472222222,4.8611111111,0.8615525672,22.382585,24.64882751344
1837,Namibia,2007,69.7916666667,25.3472222222,4.8611111111,0.8615525672,23.840855,24.94048151344
1838,Namibia,2008,69.7916666667,25.3472222222,4.8611111111,0.8615525672,24.748725,25.12205551344
1839,Namibia,2009,69.7916666667,25.3472222222,4.8611111111,0.8615525672,24.48235,25.06878051344
1840,Namibia,2010,69.7916666667,25.3472222222,4.8611111111,0.8615525672,25.99673,25.37165651344
1841,Namibia,2011,69.7916666667,25.3472222222,4.8611111111,0.8615525672,28.070935,25.78649751344
1842,Namibia,2012,69.7916666667,25.3472222222,4.8611111111,0.8615525672,28.977575,25.96782551344
1843,Namibia,2013,69.7916666667,25.3472222222,4.8611111111,0.8615525672,30.01109,26.17452851344
1844,Namibia,2014,69.7916666667,25.3472222222,4.8611111111,0.8615525672,31.82065,26.53644051344
1845,Namibia,2015,69.7916666667,25.3472222222,4.8611111111,0.8615525672,33.687705,26.90985151344
1846,Namibia,2016,69.7916666667,25.3472222222,4.8611111111,0.8615525672,33.54693,26.88169651344
1847,Namibia,2017,69.7916666667,25.3472222222,4.8611111111,0.8615525672,33.13579,26.79946851344
1848,Namibia,2018,69.7916666667,25.3472222222,4.8611111111,0.8615525672,33.48156,26.86862251344
1849,Namibia,2019,69.7916666667,25.3472222222,4.8611111111,0.8615525672,33.47878,26.86806651344
1850,Namibia,2020,69.7916666667,25.3472222222,4.8611111111,0.8615525672,30.49,26.27031051344
1924,Niger,2000,67.2966121226,29.4307444112,3.2726434662,3.5894398715,3.365065,21.3909009743
1925,Niger,2001,67.1747328724,29.5411690761,3.2840980515,3.710801044,3.2018950000000004,21.3825392088
1926,Niger,2002,67.0590294491,29.6459983372,3.2949722137,3.8321622164,3.14117,21.39466644328
1927,Niger,2003,66.9490440423,29.7456469785,3.3053089792,3.9535233889,3.162095,21.42312367778
1928,Niger,2004,66.8443630003,29.8404897755,3.3151472242,4.0748845613,3.15971,21.446918912260003
1929,Niger,2005,66.7446116307,29.9308662058,3.3245221635,4.1962457338,3.18564,21.476377146760004
1930,Niger,2006,71.5071302078,25.5582999348,2.9345698574,4.4464827455,3.222745,21.533845549100004
1931,Niger,2007,75.9263086018,21.5009613484,2.5727300498,4.6967197573,3.224895,21.584322951460003
1932,Niger,2008,80.0379832457,17.7259482803,2.2360684739,4.9469567691,3.31375,21.6521413538
1933,Niger,2009,83.873170977,14.2047835342,1.9220454888,5.1971937808,3.4045050000000003,21.72033975616
1934,Niger,2010,87.4588529083,10.9126951953,1.6284518964,5.4474307926,3.46709,21.78290415852
1935,Niger,2011,90.8186101296,7.82803298,1.3533568905,5.6976678043,3.533115,21.84615656088
1936,Niger,2012,93.973142918,4.9317915379,1.0950655441,5.9479048161,4.013,21.99218096322
1937,Niger,2013,90.483487578,7.8622537013,1.6542587208,6.1981418278,3.886895,22.01700736558
1938,Niger,2014,87.5951042011,10.2877935825,2.1171022163,6.4483788396,3.723255,22.0343267679
1939,Niger,2015,88.5274469939,9.5323845484,1.9401684577,7.3442832765,3.4237900000000003,22.1536146553
1940,Niger,2016,87.9120879121,10.1018772894,1.9860347985,7.4539249147,3.46538,22.18386098294
1941,Niger,2017,86.4109596664,11.3120372051,2.2770031285,6.7461134812,4.00027,22.14927669624
1942,Niger,2018,90.8655975646,7.5991430843,1.5352593511,10.3733404437,2.655465,22.60576108874
1943,Niger,2019,91.0231061122,7.4806029696,1.4962909182,11.0209377133,2.684605,22.74110854266
1944,Niger,2020,91.0231061122,7.4806029696,1.4962909182,11.0209377133,2.76,22.75618754266
1945,Nigeria,2000,53.4640015525,31.4574034543,15.0785949932,7.9868217054,13.619554999999998,24.321275341080003
1946,Nigeria,2001,52.1800068184,32.3250880715,15.49490511,8.1834108527,13.520215,24.34072517052
1947,Nigeria,2002,50.9562386713,33.1520733918,15.891687937,8.38,12.71193,24.21838600002
1948,Nigeria,2003,49.7885567644,33.9411573355,16.2702859002,8.5765891473,13.99853,24.515023829480004
1949,Nigeria,2004,48.67319176,34.6948871065,16.6319211335,8.7731782946,16.43817,25.04226965892
1950,Nigeria,2005,47.6067046829,35.4155866598,16.9777086573,8.9697674419,17.378754999999998,25.26970448838
1951,Nigeria,2006,46.8768610369,36.4057102993,16.7174286638,9.1094573643,18.479555,25.51780247286
1952,Nigeria,2007,46.1690575144,37.3659337713,16.4650087143,9.2491472868,19.418085,25.73344645736
1953,Nigeria,2008,45.4823106004,38.2975913361,16.2200980635,9.3888372093,20.257865,25.92934044186
1954,Nigeria,2009,44.8156944399,39.2019390311,15.9823665289,9.5285271318,21.143635,26.13443242634
1955,Nigeria,2010,44.1683366733,40.0801603206,15.751503006,9.6682170543,23.683485,26.670340410840005
1956,Nigeria,2011,44.1683366733,40.0801603206,15.751503006,9.6682170543,25.41262,27.01616741084
1957,Nigeria,2012,44.1683366733,40.0801603206,15.751503006,9.6682170543,26.3987,27.21338341084
1958,Nigeria,2013,44.1683366733,40.0801603206,15.751503006,9.6682170543,28.46272,27.626187410840004
1959,Nigeria,2014,44.1683366733,40.0801603206,15.751503006,9.6682170543,30.521815,28.03800641084
1960,Nigeria,2015,44.1683366733,40.0801603206,15.751503006,9.6682170543,31.13129,28.15990141084
1961,Nigeria,2016,44.1683366733,40.0801603206,15.751503006,9.6682170543,30.50207,28.03405741084
1962,Nigeria,2017,44.1683366733,40.0801603206,15.751503006,9.6682170543,30.81304,28.09625141084
1963,Nigeria,2018,44.1683366733,40.0801603206,15.751503006,9.6682170543,31.262590000000003,28.186161410840004
1964,Nigeria,2019,44.1683366733,40.0801603206,15.751503006,9.6682170543,31.690755000000003,28.271794410840005
1965,Nigeria,2020,44.1683366733,40.0801603206,15.751503006,9.6682170543,30.12,27.95764341084
2206,Rwanda,2007,65.3491120719,28.3498651028,6.3010228253,9.9847134392,10.226590000000002,24.04226068784
2207,Rwanda,2008,64.5297270029,29.8791478501,5.591125147,10.808283125,10.60891,24.283438625
2208,Rwanda,2009,63.8263717212,31.191875087,4.9817531919,11.6318528108,10.435305,24.41343156218
2209,Rwanda,2010,63.2160300789,32.3310036589,4.4529662622,12.4554224966,10.634935,24.61807149932
2210,Rwanda,2011,62.6813958197,33.3288335921,3.9897705882,13.2789921824,10.756255,24.80704943648
2211,Rwanda,2012,62.2092053312,34.2101198089,3.5806748599,14.1025618682,11.205935,25.06169937364
2212,Rwanda,2013,61.7891223523,34.9941536855,3.2167239622,14.9261315541,11.14833,25.21489231082
2213,Rwanda,2014,61.4129726013,35.6961915263,2.8908358724,15.7497012399,11.1372,25.37738024798
2214,Rwanda,2015,61.0742066032,36.3284571312,2.5973362657,16.5732709257,11.59827,25.63430818516
2215,Rwanda,2016,60.7675150964,36.9008595923,2.3316253114,17.3968406115,11.556065,25.79058112232
2216,Rwanda,2017,60.4885487421,37.4215164223,2.0899348356,18.2204102973,11.336415,25.911365059460003
2217,Rwanda,2018,60.2337105621,37.8971409447,1.8691484932,19.0439799831,12.11265,26.23132599662
2218,Rwanda,2019,59.0163934426,37.7049180328,1.6393442623,20.1986754967,12.68214,26.24829424688
2219,Rwanda,2020,60.0,38.3333333333,1.6666666667,20.1986754967,12.08,26.45573509934
2220,Sao Tome and Principe,2016,62.5916870416,35.9413202934,1.466992665,1.876146789,7.200325,21.815294357800003
2221,Sao Tome and Principe,2017,62.5916870416,35.9413202934,1.466992665,1.876146789,7.51899,21.8790273578
2222,Sao Tome and Principe,2018,62.5916870416,35.9413202934,1.466992665,1.876146789,7.69004,21.9132373578
2223,Sao Tome and Principe,2019,62.5916870416,35.9413202934,1.466992665,1.876146789,7.79329,21.9338873578
2224,Sao Tome and Principe,2020,62.5916870416,35.9413202934,1.466992665,1.876146789,7.92,21.9592293578
2246,Senegal,2000,89.9371069182,6.2893081761,3.7735849057,8.4526847422,4.677244999999999,22.62598594844
2247,Senegal,2001,91.7082130674,5.1954867489,3.0963001837,10.129984051,4.20077,22.8661508102
2248,Senegal,2002,92.9761368753,4.4124268348,2.61143629,11.8072833599,3.727515,23.106959672
2249,Senegal,2003,92.6810443641,4.8950439544,2.4239116816,11.8971846606,3.864025,23.15224193214
2250,Senegal,2004,92.3904129876,5.3703649892,2.2392220232,11.9870859614,4.11257,23.21993119228
2251,Senegal,2005,92.1041423412,5.8385541486,2.0573035101,12.0769872621,4.217455,23.2588884524
2252,Senegal,2006,91.8221350111,6.299770751,1.878094238,12.1668885628,4.337809999999999,23.30093971258
2253,Senegal,2007,91.5442964632,6.7541694043,1.7015341325,12.2567898635,4.579375000000001,23.3672329727
2254,Senegal,2008,91.2705349381,7.2019001792,1.5275648827,12.3510140585,4.70274,23.4107508117
2255,Senegal,2009,91.0007613495,7.6431087741,1.3561298763,12.4416358416,4.748945,23.4381161683
2256,Senegal,2010,90.7348891882,8.0779366733,1.1871741385,12.5322576247,4.9024,23.48693152494
2257,Senegal,2011,90.4728344287,8.5065212981,1.0206442732,12.6228794078,5.109995,23.54657488156
2258,Senegal,2012,90.2145154416,8.9289961518,0.8564884066,12.7135011909,5.26324,23.59534823818
2259,Senegal,2013,89.9598529082,9.3454909583,0.6946561335,12.804122974,5.436154999999999,23.6480555948
2260,Senegal,2014,89.7087697395,9.7561317949,0.5350984656,12.894744757,5.584045,23.6957579514
2261,Senegal,2015,89.4611909984,10.1610412194,0.3777677822,12.9853665401,5.792175,23.75550830802
2262,Senegal,2016,89.2170438252,10.5603383924,0.2226177824,13.0759883232,6.16287,23.84777166464
2263,Senegal,2017,88.976257366,10.9541391937,0.0696034403,13.1558028708,6.609935,23.95314757416
2264,Senegal,2018,91.1148414671,8.8383981223,0.0467604106,16.0861244019,6.48766,24.51475688038
2265,Senegal,2019,91.3138942488,8.6392431861,0.0467604106,16.2764486975,6.71312,24.5978933086
2266,Senegal,2020,91.3138942488,8.6392431861,0.0467604106,16.2764486975,5.72,24.3992693086
2276,Sierra Leone,2000,24.1926945474,50.5558496559,25.2514557967,0.4413551402,3.920845,20.87244002804
2277,Sierra Leone,2001,23.6102500517,50.9402769167,25.4494730316,0.4522429907,4.532565,20.99696159814
2278,Sierra Leone,2002,23.0551912017,51.3066289981,25.6381798002,0.4631308411,5.561389999999999,21.20490416822
2279,Sierra Leone,2003,22.5256309148,51.6561514196,25.8182176656,0.4740186916,5.96801,21.28840573832
2280,Sierra Leone,2004,22.0198515949,51.9899778356,25.9901705695,0.4849065421,6.06637,21.310255308420004
2281,Sierra Leone,2005,21.5362865221,52.3091423186,26.1545711593,0.4957943925,6.35885,21.370928878500003
2282,Sierra Leone,2006,21.5362865221,52.3091423186,26.1545711593,0.4957943925,6.24396,21.347950878500004
2283,Sierra Leone,2007,21.5362865221,52.3091423186,26.1545711593,0.4957943925,6.53422,21.406002878500004
2284,Sierra Leone,2008,21.5362865221,52.3091423186,26.1545711593,0.4957943925,6.675645,21.434287878500005
2285,Sierra Leone,2009,21.5362865221,52.3091423186,26.1545711593,0.4957943925,6.620075,21.4231738785
2286,Sierra Leone,2010,21.5362865221,52.3091423186,26.1545711593,0.4957943925,7.269114999999999,21.5529818785
2287,Sierra Leone,2011,21.5362865221,52.3091423186,26.1545711593,0.4957943925,7.75287,21.649732878500004
2288,Sierra Leone,2012,21.5362865221,52.3091423186,26.1545711593,0.4957943925,9.697025,22.038563878500003
2289,Sierra Leone,2013,21.5362865221,52.3091423186,26.1545711593,0.4957943925,12.316005,22.562359878500004
2290,Sierra Leone,2014,21.5362865221,52.3091423186,26.1545711593,0.4957943925,11.833115,22.465781878500003
2291,Sierra Leone,2015,21.5362865221,52.3091423186,26.1545711593,0.4957943925,8.030745,21.7053078785
2292,Sierra Leone,2016,21.5362865221,52.3091423186,26.1545711593,0.4957943925,8.78306,21.855770878500003
2293,Sierra Leone,2017,21.5362865221,52.3091423186,26.1545711593,0.4957943925,8.573699999999999,21.813898878500005
2294,Sierra Leone,2018,21.5362865221,52.3091423186,26.1545711593,0.4957943925,9.001685,21.8994958785
2295,Sierra Leone,2019,21.5362865221,52.3091423186,26.1545711593,0.4957943925,9.16134,21.9314268785
2296,Sierra Leone,2020,21.5362865221,52.3091423186,26.1545711593,0.4957943925,8.41,21.7811588785
2316,Somalia,2001,99.625430249,0.3542412798,0.0202142713,24.4875799494,0.1316149999999999,24.9238161499
2317,Somalia,2002,99.5550402657,0.4045311917,0.0404285426,24.5076602707,0.13039,24.92761005414
2318,Somalia,2003,99.4845360825,0.4548211037,0.0606428138,24.527740592,0.130995,24.9317471184
2319,Somalia,2004,99.4845360825,0.4548211037,0.0606428138,24.527740592,0.137175,24.9329831184
2320,Somalia,2005,99.4845360825,0.4548211037,0.0606428138,24.527740592,0.13885,24.933318118400003
2321,Somalia,2006,99.4845360825,0.4548211037,0.0606428138,24.527740592,0.1418,24.9339081184
2322,Somalia,2007,99.4845360825,0.4548211037,0.0606428138,24.527740592,0.150455,24.9356391184
2323,Somalia,2008,99.4845360825,0.4548211037,0.0606428138,24.527740592,0.151195,24.9357871184
2324,Somalia,2009,99.4845360825,0.4548211037,0.0606428138,24.527740592,0.153145,24.9361771184
2325,Somalia,2010,99.4845360825,0.4548211037,0.0606428138,24.527740592,0.160245,24.9375971184
2326,Somalia,2011,99.4845360825,0.4548211037,0.0606428138,24.527740592,0.1634749999999999,24.938243118400003
2327,Somalia,2012,99.4845360825,0.4548211037,0.0606428138,24.527740592,0.170685,24.9396851184
2328,Somalia,2013,99.4845360825,0.4548211037,0.0606428138,24.527740592,0.171675,24.9398831184
2329,Somalia,2014,99.4845360825,0.4548211037,0.0606428138,24.527740592,0.179865,24.9415211184
2330,Somalia,2015,99.4845360825,0.4548211037,0.0606428138,24.527740592,0.1822949999999999,24.9420071184
2331,Somalia,2016,99.4845360825,0.4548211037,0.0606428138,24.527740592,0.18997,24.9435421184
2332,Somalia,2017,99.4845360825,0.4548211037,0.0606428138,24.527740592,0.19128,24.943804118400003
2333,Somalia,2018,99.4845360825,0.4548211037,0.0606428138,24.527740592,0.1939799999999999,24.9443441184
2334,Somalia,2019,99.4845360825,0.4548211037,0.0606428138,24.527740592,0.20185,24.9459181184
2335,Somalia,2020,99.4845360825,0.4548211037,0.0606428138,24.527740592,0.2,24.9455481184
2336,South Africa,2000,61.2570356473,30.5190744215,8.2238899312,40.7716938841,14.072125,30.96876377682
2337,South Africa,2001,61.3725118932,30.1963267142,8.4311613926,41.4532377645,14.21208,31.1330635529
2338,South Africa,2002,61.4843458815,29.883758852,8.6318952665,42.1347816449,14.42937,31.31283032898
2339,South Africa,2003,61.5927072583,29.5808966862,8.8263960555,42.8163255253,14.68965,31.50119510506
2340,South Africa,2004,61.6977552956,29.2872950635,9.0149496409,43.4978694057,15.001615,31.699896881139995
2341,South Africa,2005,61.7996396717,29.0025356436,9.1978246847,44.179413286,15.508795,31.9376416572
2342,South Africa,2006,61.8985011833,28.7262249102,9.3752739066,44.8609571664,16.080945,32.1883804333
2343,South Africa,2007,61.9944723944,28.4579923564,9.5475352493,45.5425010468,16.661569999999998,32.440814209379994
2344,South Africa,2008,62.0876782294,28.1974888274,9.7148329432,46.2240449272,17.080849999999998,32.66097898544
2345,South Africa,2009,62.1782365158,27.9443850043,9.8773784799,46.9055888076,16.712075,32.72353276152
2346,South Africa,2010,62.2662584809,27.6983700149,10.0353715042,47.587132688,17.022845,32.9219955376
2347,South Africa,2011,62.3518492075,27.4591501601,10.1890006324,48.2686765684,17.223685,33.09847231368
2348,South Africa,2012,62.4351080526,27.2264477444,10.338444203,48.9502204488,17.391305000000003,33.26830508976
2349,South Africa,2013,62.5161290323,27.0,10.4838709677,45.7444764649,17.55133,32.65916129298
2350,South Africa,2014,61.5632318501,23.1703747073,15.2663934426,52.7473583093,16.17505,33.78448166186
2351,South Africa,2015,60.7717041801,19.9892818864,19.2390139335,59.7502401537,14.946565,34.93936103074
2352,South Africa,2016,59.4750656168,19.842519685,20.6824146982,60.9990393852,14.647285,35.12926487704
2353,South Africa,2017,58.7719298246,20.0722394221,21.1558307534,62.055715658,14.64954,35.34105113162
2354,South Africa,2018,57.8337531486,15.0982367758,20.5037783375,62.888248479,14.33892,34.13258734818
2355,South Africa,2019,60.8465608466,16.6666666667,22.4867724868,64.0409862312,14.759175,35.76003224626
2356,South Africa,2020,62.4791819225,16.2073780782,21.3134399993,65.0336215178,13.77,35.76072430356
2357,South Sudan,2012,36.4741641337,29.3313069909,34.1945288754,4.2260757868,5.12444,21.87010315736
2358,South Sudan,2013,36.4741641337,29.3313069909,34.1945288754,4.2260757868,6.595475,22.16431015736
2359,South Sudan,2014,36.4741641337,29.3313069909,34.1945288754,4.2260757868,8.518080000000001,22.54883115736
2360,South Sudan,2015,36.4741641337,29.3313069909,34.1945288754,4.2260757868,9.20822,22.68685915736
2361,South Sudan,2016,36.4741641337,29.3313069909,34.1945288754,4.2260757868,8.59959,22.56513315736
2362,South Sudan,2017,36.4741641337,29.3313069909,34.1945288754,4.2260757868,8.379345,22.52108415736
2363,South Sudan,2018,36.4741641337,29.3313069909,34.1945288754,4.2260757868,8.726975,22.59061015736
2364,South Sudan,2019,36.4741641337,29.3313069909,34.1945288754,4.2260757868,9.168185,22.67885215736
2365,South Sudan,2020,36.4741641337,29.3313069909,34.1945288754,4.2260757868,8.57,22.55921515736
2402,Sudan,2012,96.1945424169,3.5270094672,0.2784481158,118.6563876652,1.945525,44.12038253302
2403,Sudan,2013,96.1945424169,3.5270094672,0.2784481158,118.6563876652,2.155205,44.16231853302
2404,Sudan,2014,96.1945424169,3.5270094672,0.2784481158,118.6563876652,2.269235,44.18512453302
2405,Sudan,2015,96.1945424169,3.5270094672,0.2784481158,118.6563876652,2.349425,44.20116253302
2406,Sudan,2016,96.1945424169,3.5270094672,0.2784481158,118.6563876652,2.6219400000000004,44.25566553302
2407,Sudan,2017,96.1945424169,3.5270094672,0.2784481158,118.6563876652,2.790515,44.28938053302
2408,Sudan,2018,96.1945424169,3.5270094672,0.2784481158,118.6563876652,2.89903,44.31108353302
2409,Sudan,2019,96.1945424169,3.5270094672,0.2784481158,118.6563876652,2.970015,44.32528053302
2410,Sudan,2020,96.1945424169,3.5270094672,0.2784481158,118.6563876652,2.88,44.30727753302
2532,Togo,2000,47.1512770138,49.862475442,2.9862475442,2.5804816223,9.169335,22.34996332446
2533,Togo,2001,46.062992126,51.2598425197,2.6771653543,2.5754119138,9.561215,22.42732538276
2534,Togo,2002,44.9704142012,52.6627218935,2.3668639053,2.5703422053,9.731985,22.46046544106
2535,Togo,2003,40.6417112299,56.8092691622,2.5490196078,2.8441064639,9.580535,22.484928292760003
2536,Togo,2004,37.0731707317,60.2276422764,2.6991869919,3.1178707224,8.508894999999999,22.32535314448
2537,Togo,2005,34.0807174888,63.0941704036,2.8251121076,3.391634981,7.007944999999999,22.0799159962
2538,Togo,2006,34.0807174888,63.0941704036,2.8251121076,3.391634981,7.23988,22.1263029962
2539,Togo,2007,34.0807174888,63.0941704036,2.8251121076,3.391634981,7.37959,22.1542449962
2540,Togo,2008,34.0807174888,63.0941704036,2.8251121076,3.391634981,7.18885,22.1160969962
2541,Togo,2009,34.0807174888,63.0941704036,2.8251121076,3.391634981,7.72814,22.2239549962
2542,Togo,2010,34.0807174888,63.0941704036,2.8251121076,3.391634981,8.381725,22.3546719962
2543,Togo,2011,34.0807174888,63.0941704036,2.8251121076,3.391634981,9.978795,22.6740859962
2544,Togo,2012,34.0807174888,63.0941704036,2.8251121076,3.391634981,11.201795,22.9186859962
2545,Togo,2013,34.0807174888,63.0941704036,2.8251121076,3.391634981,12.87912,23.2541509962
2546,Togo,2014,34.0807174888,63.0941704036,2.8251121076,3.391634981,14.409915,23.5603099962
2547,Togo,2015,34.0807174888,63.0941704036,2.8251121076,3.391634981,16.109295,23.9001859962
2548,Togo,2016,34.0807174888,63.0941704036,2.8251121076,3.391634981,18.74026,24.4263789962
2549,Togo,2017,34.0807174888,63.0941704036,2.8251121076,3.391634981,19.44551,24.5674289962
2550,Togo,2018,34.0807174888,63.0941704036,2.8251121076,3.391634981,20.60911,24.8001489962
2551,Togo,2019,34.0807174888,63.0941704036,2.8251121076,3.391634981,21.29472,24.9372709962
2552,Togo,2020,34.0807174888,63.0941704036,2.8251121076,3.391634981,21.38,24.9543269962
2574,Tunisia,2000,82.0075757576,13.8257575758,4.1666666667,66.0183327832,8.069704999999999,34.81760755665999
2575,Tunisia,2001,82.0075757576,13.8257575758,4.1666666667,71.3251910723,7.800305,35.825099214480005
2576,Tunisia,2002,81.7784257704,13.9606521091,4.2609221205,71.7060660691,7.920045,35.92522221382
2577,Tunisia,2003,81.5563661092,14.0913727551,4.3522611357,72.0869410659,8.112715,36.03993121318
2578,Tunisia,2004,81.341072706,14.2181102842,4.4408170099,72.4678160628,8.489925,36.19154821258
2579,Tunisia,2005,81.1322409451,14.3410440154,4.5267150396,72.8486910596,8.78965,36.32766821194
2580,Tunisia,2006,80.9295842257,14.460342663,4.6100731113,73.2295660564,9.226735,36.49126021128
2581,Tunisia,2007,80.7328326493,14.5761651093,4.6910022414,73.6104410532,9.821895,36.68646721064
2582,Tunisia,2008,80.5417318203,14.6886611101,4.7696070696,73.9913160501,10.261285,36.85052021002
2583,Tunisia,2009,80.3560417492,14.7979719409,4.8459863099,76.555874362,10.143585,37.3398918724
2584,Tunisia,2010,80.1755358463,14.9042309891,4.9202331646,79.120432674,10.529385,37.9299635348
2585,Tunisia,2011,80.0,15.0075642965,4.9924357035,81.684990986,10.42125,38.4212481972
2586,Tunisia,2012,79.7976051711,15.8931157501,4.3092790788,84.2698626311,10.58999,38.971970526220005
2587,Tunisia,2013,79.6059192352,16.7318118774,3.6622688873,86.8547342762,10.5691,39.48476685522
2588,Tunisia,2014,79.4241141721,17.5272755698,3.0486102581,89.4396059213,10.32271,39.95246318426
2589,Tunisia,2015,79.2514451811,18.2827656031,2.4657892158,92.0244775665,10.05172,40.4152395133
2590,Tunisia,2016,79.0872404821,19.0012212606,1.9115382573,94.6093492116,9.92127,40.90612384232
2591,Tunisia,2017,74.4192477876,23.0918141593,2.4889380531,89.5310159206,10.62025,40.03025318412
2592,Tunisia,2018,76.2764324915,22.5302364294,1.1933310791,95.9987812,10.21613,41.24298224
2593,Tunisia,2019,76.3762304047,21.8582365502,1.7655330452,96.3105908641,10.381385,41.33839517284
2594,Tunisia,2020,75.5421753916,22.7323409712,1.7254836372,98.1133991824,10.02,41.62667983648
2616,Uganda,2000,36.4077669903,45.9344660194,17.6577669903,3.0155535224,19.33,24.46911070448
2617,Uganda,2001,34.7247341388,50.1989437893,15.0763220719,3.1617108875,20.91,24.8143421775
2618,Uganda,2002,33.1904300927,54.0865717052,12.7229982022,3.3078682525,21.93,25.04757365052
2619,Uganda,2003,35.1365170263,53.4103691584,11.4531138153,3.7278896005,20.28,24.8015779201
2620,Uganda,2004,36.6884787883,52.8711124182,10.4404087935,4.1479109485,19.44,24.7175821897
2621,Uganda,2005,37.9550348005,52.4310249862,9.6139402133,4.5679322964,19.18,24.74958645928
2622,Uganda,2006,39.0082846749,52.0650545688,8.9266607563,4.9879536444,19.4,24.877590728879994
2623,Uganda,2007,39.8979289732,51.7559318211,8.3461392057,5.4079749924,19.64,25.00959499848
2624,Uganda,2008,40.6593406593,51.4913657771,7.8492935636,5.8279963403,19.75,25.11559926806
2625,Uganda,2009,40.6593406593,51.4913657771,7.8492935636,5.8279963403,20.48,25.261599268060003
2626,Uganda,2010,40.6593406593,51.4913657771,7.8492935636,5.8279963403,27.72,26.709599268060003
2627,Uganda,2011,40.6593406593,51.4913657771,7.8492935636,5.8279963403,27.8,26.72559926806
2628,Uganda,2012,40.6593406593,51.4913657771,7.8492935636,5.8279963403,25.70927,26.30745326806
2629,Uganda,2013,40.6593406593,51.4913657771,7.8492935636,5.8279963403,24.193455,26.004290268060004
2630,Uganda,2014,40.6593406593,51.4913657771,7.8492935636,5.8279963403,28.680485,26.90169626806
2631,Uganda,2015,40.6593406593,51.4913657771,7.8492935636,5.8279963403,30.518475,27.26929426806
2632,Uganda,2016,40.6593406593,51.4913657771,7.8492935636,5.8279963403,29.922145,27.15002826806
2633,Uganda,2017,40.6593406593,51.4913657771,7.8492935636,5.8279963403,31.557155,27.47703026806
2634,Uganda,2018,40.6593406593,51.4913657771,7.8492935636,5.8279963403,34.494355,28.06447026806
2635,Uganda,2019,40.6593406593,51.4913657771,7.8492935636,5.8279963403,36.65531,28.49666126806
2636,Uganda,2020,40.6593406593,51.4913657771,7.8492935636,5.8279963403,38.74,28.91359926806
2742,Zambia,2000,73.9696312364,17.9733498606,8.057018903,2.8959235209,3.808955,21.34097570418
2743,Zambia,2001,73.6305132632,18.2075027468,8.16198399,2.8657106782,4.061265,21.385395135640003
2744,Zambia,2002,73.2824427481,18.4478371501,8.2697201018,2.8354978355,4.357735,21.4386465671
2745,Zambia,2003,73.2824427481,18.4478371501,8.2697201018,2.8354978355,4.665175,21.5001345671
2746,Zambia,2004,73.2824427481,18.4478371501,8.2697201018,2.8354978355,5.01754,21.5706075671
2747,Zambia,2005,73.2824427481,18.4478371501,8.2697201018,2.8354978355,5.450745,21.6572485671
2748,Zambia,2006,73.2824427481,18.4478371501,8.2697201018,2.8354978355,6.00758,21.768615567100003
2749,Zambia,2007,73.2824427481,18.4478371501,8.2697201018,2.8354978355,6.5945350000000005,21.886006567100004
2750,Zambia,2008,73.2824427481,18.4478371501,8.2697201018,2.8354978355,7.14684,21.9964675671
2751,Zambia,2009,73.2824427481,18.4478371501,8.2697201018,2.8354978355,7.959519999999999,22.1590035671
2752,Zambia,2010,73.2824427481,18.4478371501,8.2697201018,2.8354978355,8.82502,22.3321035671
2753,Zambia,2011,73.2824427481,18.4478371501,8.2697201018,2.8354978355,8.903215,22.347742567100003
2754,Zambia,2012,73.2824427481,18.4478371501,8.2697201018,2.8354978355,10.307985,22.6286965671
2755,Zambia,2013,73.2824427481,18.4478371501,8.2697201018,2.8354978355,11.183285,22.8037565671
2756,Zambia,2014,73.2824427481,18.4478371501,8.2697201018,2.8354978355,11.381555,22.8434105671
2757,Zambia,2015,73.2824427481,18.4478371501,8.2697201018,2.8354978355,12.181555,23.0034105671
2758,Zambia,2016,73.2824427481,18.4478371501,8.2697201018,2.8354978355,12.019905,22.9710805671
2759,Zambia,2017,73.2824427481,18.4478371501,8.2697201018,2.8354978355,12.77249,23.121597567100004
2760,Zambia,2018,73.2824427481,18.4478371501,8.2697201018,2.8354978355,13.237925,23.2146845671
2761,Zambia,2019,73.2824427481,18.4478371501,8.2697201018,2.8354978355,13.55947,23.2789935671
2762,Zambia,2020,73.2824427481,18.4478371501,8.2697201018,2.8354978355,13.75,23.3170995671
2763,Zimbabwe,2000,78.9107783907,14.0083689077,7.0816916207,35.7397671799,2.1719,27.5825012198
2764,Zimbabwe,2001,78.9083042104,14.0073223498,7.0843734398,37.6079609463,1.90755,27.90310218926
2765,Zimbabwe,2002,78.9060642093,14.0071343639,7.0868014269,39.4761547127,1.64058,28.22334694256
2766,Zimbabwe,2003,79.4605198627,13.6390387445,6.9004413928,38.2838903492,1.6099800000000002,27.97877406984
2767,Zimbabwe,2004,80.0506200962,13.2472791698,6.702100734,37.0916259857,1.6697099999999998,27.752267197140004
2768,Zimbabwe,2005,80.679916318,12.8294979079,6.4905857741,35.8993616222,1.748065,27.52948532444
2769,Zimbabwe,2006,81.3524479308,12.383013254,6.2645388153,34.7070972587,1.797455,27.30091045176
2770,Zimbabwe,2007,82.0728291317,11.9047619048,6.0224089636,33.5148328952,1.598735,27.022713579060003
2771,Zimbabwe,2008,81.7066339741,12.7046364895,5.5887295364,33.3094723995,1.879625,27.0378194799
2772,Zimbabwe,2009,81.3359138504,13.51439489,5.1496912596,33.1041119039,2.578935,27.136609380780005
2773,Zimbabwe,2010,80.9605843686,14.3342214423,4.7051941891,32.9012157341,3.189055,27.21805414682
2774,Zimbabwe,2011,80.5805590249,15.164305095,4.2551358801,32.6966766804,3.70952,27.28123933608
2775,Zimbabwe,2012,80.1957491377,16.0048395543,3.7994113079,32.4880304168,4.398350000000001,27.37727608334
2776,Zimbabwe,2013,79.806063778,16.8560234352,3.3379127869,32.2826699211,4.601985,27.376930984240005
2777,Zimbabwe,2014,79.4114096979,17.7180604172,2.8705298849,32.0773094255,4.701555,27.3557728851
2778,Zimbabwe,2015,79.0116912566,18.5911594075,2.3971493359,31.8719489298,4.798855,27.33416078596
2779,Zimbabwe,2016,79.9894170562,17.6176617574,2.3929211865,31.9376642884,4.91155,27.3698428577
2780,Zimbabwe,2017,82.9564852805,14.6057320835,2.437782636,31.3462260608,5.209605,27.311166212160003
2781,Zimbabwe,2018,80.6354257516,17.207486806,2.1570874424,35.405385383,4.83009,28.0470950766
2782,Zimbabwe,2019,80.6354257516,17.207486806,2.1570874424,35.405385383,4.445295,27.970136076599992
2783,Zimbabwe,2020,80.6354257516,17.207486806,2.1570874424,35.405385383,4.47,27.975077076599995
